ID,Reason for absence,Month of absence,Day of the week,Seasons,Transportation expense,Distance from Residence to Work,Service time,Age,Work load Average/day ,Hit target,Disciplinary failure,Education,Son,Social drinker,Social smoker,Pet,Weight,Height,Absenteeism time in hours
1.0,23.0,12.0,2.0,4.0,235.0,11.0,14.0,37.0,236629.0,93.0,0.0,3.0,1.0,0.0,0.0,1.0,88.0,172.0,3.0
1.0,14.0,12.0,3.0,2.0,235.0,11.0,14.0,37.0,236629.0,93.0,0.0,3.0,1.0,0.0,0.0,1.0,88.0,172.0,4.0
1.0,25.0,12.0,5.0,4.0,235.0,11.0,14.0,37.0,236629.0,93.0,0.0,3.0,1.0,0.0,0.0,1.0,88.0,172.0,2.0
1.0,23.0,8.0,5.0,1.0,253.80974055776417,11.0,14.0,37.0,205917.0,92.0,0.0,3.0,1.0,0.0,0.0,1.0,88.0,172.0,4.0
1.0,22.0,4.0,6.0,3.0,235.0,11.0,14.0,37.0,246288.0,91.0,0.0,3.0,1.0,0.0,0.0,1.0,88.0,172.0,8.0
1.0,25.0,11.0,5.0,4.0,235.0,11.0,14.0,37.0,284031.0,97.0,0.0,3.0,1.0,0.0,0.0,1.0,88.0,172.0,2.0
1.0,18.0,11.0,4.0,4.0,235.0,11.0,14.0,37.0,284031.0,97.0,0.0,3.0,1.0,0.0,0.0,1.0,88.0,172.0,1.0
1.0,1.0,5.0,2.0,3.0,235.0,11.0,14.0,37.0,246074.0,99.0,0.0,3.0,1.0,0.0,0.0,1.0,88.0,172.0,8.0
1.0,22.0,5.0,2.0,3.0,235.0,11.0,14.0,37.0,237656.0,99.0,0.0,3.0,1.0,0.0,0.0,1.0,88.0,172.0,8.0
1.0,22.0,3.0,2.0,2.0,235.0,11.0,14.0,37.0,244387.0,98.0,0.0,3.0,1.0,0.0,0.0,1.0,88.0,172.0,8.0
1.0,7.0,4.0,6.0,3.0,235.0,11.0,14.0,37.0,326452.0,96.0,0.0,3.0,1.0,0.0,0.0,1.0,88.0,172.0,3.0
1.0,13.0,6.0,3.0,1.0,235.0,11.0,14.0,37.0,253957.0,95.0,0.0,3.0,1.0,0.0,0.0,1.0,88.0,172.0,8.0
1.0,26.0,10.0,2.0,4.0,235.0,11.0,14.0,37.0,265017.0,88.0,0.0,3.0,1.0,0.0,0.0,1.0,88.0,172.0,4.0
1.0,13.0,6.0,6.0,3.0,235.0,11.0,14.0,37.0,255546.38658902948,94.0,0.0,3.0,1.0,0.0,0.0,1.0,88.0,172.0,16.0
1.0,19.0,8.0,5.0,1.0,235.0,11.0,14.0,37.0,265615.0,94.0,0.0,3.0,1.0,0.0,0.0,1.0,88.0,172.0,8.0
1.0,23.0,8.0,3.0,1.0,235.0,11.0,14.0,37.0,265615.0,94.0,0.0,3.0,1.0,0.0,0.0,1.0,88.0,172.0,1.0
1.0,13.0,1.0,3.0,2.0,235.0,11.0,14.0,37.0,330061.0,100.0,0.0,3.0,1.0,0.0,0.0,1.0,88.0,172.0,1.0
1.0,26.0,12.0,4.0,4.0,235.0,11.0,14.0,37.0,261306.0,97.0,0.0,3.0,1.0,0.0,0.0,1.0,88.0,172.0,8.0
1.0,23.0,8.0,3.0,1.0,235.0,11.0,14.0,37.0,249797.0,93.0,0.0,3.0,1.0,0.0,0.0,1.0,88.0,172.0,4.0
1.0,22.0,7.0,2.0,1.0,235.0,11.0,14.0,37.0,239554.0,97.0,0.0,3.0,1.0,0.0,0.0,1.0,88.0,172.0,8.0
1.0,21.0,3.0,5.0,2.0,235.0,11.0,14.0,37.0,244387.0,98.0,0.0,3.0,1.0,0.0,0.0,1.0,88.0,172.0,8.0
1.0,11.0,7.0,3.0,1.0,235.0,11.0,14.0,37.0,264604.0,93.0,0.0,3.0,1.0,0.0,0.0,1.0,88.0,172.0,4.0
2.0,0.0,6.0,2.0,3.0,235.0,29.0,12.0,48.0,275089.0,96.0,1.0,1.0,1.0,0.0,1.0,5.0,88.0,170.8678138867837,0.0
2.0,0.0,4.0,2.0,3.0,235.0,29.0,12.0,48.0,326452.0,96.0,1.0,1.0,1.0,0.0,1.0,5.0,88.0,171.61528630558973,0.0
2.0,28.0,8.0,6.0,1.0,235.0,29.0,12.0,48.0,205917.0,92.0,0.0,1.0,1.0,0.0,1.0,5.0,88.0,170.2038323402582,8.0
2.0,23.0,7.0,2.0,1.0,235.0,29.0,12.0,48.0,230290.0,92.0,0.0,1.0,1.0,0.0,1.0,5.0,88.0,169.1469802070254,1.0
2.0,18.0,8.0,5.0,1.0,235.0,29.0,12.0,48.0,205917.0,92.0,0.0,1.0,1.0,0.0,1.0,5.0,88.0,170.40854948104766,8.0
2.0,18.0,8.0,2.0,1.0,235.0,29.0,12.0,48.0,205917.0,92.0,0.0,1.0,1.0,0.0,1.0,5.0,88.0,170.3869648388624,8.0
3.0,28.0,10.0,4.0,4.0,179.0,51.0,18.0,38.0,284853.0,91.0,0.0,1.0,0.0,1.0,0.0,0.0,89.0,170.0,3.0
3.0,27.0,3.0,2.0,2.0,179.0,51.0,18.0,38.0,222196.0,99.0,0.0,1.0,0.0,1.0,0.0,0.0,89.0,170.0,2.0
3.0,13.0,4.0,4.0,3.0,179.0,51.0,18.0,38.0,326452.0,96.0,0.0,1.0,0.0,1.0,0.0,0.0,89.0,170.0,3.814814814814815
3.0,11.0,6.0,2.0,3.0,179.0,51.0,18.0,38.0,308752.110017192,94.0,0.0,1.0,0.0,1.0,0.0,0.0,89.0,170.0,8.0
3.0,12.0,5.0,3.0,3.0,179.0,51.0,18.0,38.0,293120.7514715331,92.0,0.0,1.0,0.0,1.0,0.0,0.0,89.0,170.0,1.0
3.0,27.0,2.0,5.0,2.0,179.0,51.0,18.0,38.0,264249.0,97.0,0.0,1.0,0.0,1.0,0.0,0.0,89.0,170.0,2.0
3.0,18.0,5.0,3.0,3.0,179.0,51.0,18.0,38.0,240590.24437688568,92.0,0.0,1.0,0.0,1.0,0.0,0.0,89.0,170.0,8.0
3.0,27.0,3.0,4.0,2.0,179.0,51.0,18.0,38.0,222196.0,99.0,0.0,1.0,0.0,1.0,0.0,0.0,89.0,170.0,2.0
3.0,11.0,6.0,6.0,3.0,179.0,51.0,18.0,38.0,304043.368342354,94.0,0.0,1.0,0.0,1.0,0.0,0.0,89.0,170.0,2.0
3.0,23.0,9.0,2.0,1.0,179.0,51.0,18.0,38.0,261756.0,87.0,0.0,1.0,0.0,1.0,0.0,0.0,89.0,170.0,4.0
3.0,27.0,3.0,5.0,2.0,179.0,51.0,18.0,38.0,222196.0,99.0,0.0,1.0,0.0,1.0,0.0,0.0,89.0,170.0,3.0
3.0,21.0,11.0,3.0,4.0,179.0,51.0,18.0,38.0,268519.0,93.0,0.0,1.0,0.0,1.0,0.0,0.0,89.0,170.0,1.0
3.0,13.0,3.0,3.0,2.0,179.0,51.0,18.0,38.0,222196.0,99.0,0.0,1.0,0.0,1.0,0.0,0.0,89.0,170.0,8.0
3.0,11.0,5.0,3.0,3.0,179.0,51.0,18.0,38.0,285433.4526054251,92.0,0.0,1.0,0.0,1.0,0.0,0.0,89.0,170.0,1.0
3.0,27.0,2.0,5.0,2.0,179.0,51.0,18.0,38.0,264249.0,97.0,0.0,1.0,0.0,1.0,0.0,0.0,89.0,170.0,3.0
3.0,27.0,2.0,3.0,2.0,179.0,51.0,18.0,38.0,264249.0,97.0,0.0,1.0,0.0,1.0,0.0,0.0,89.0,170.0,2.0
3.0,27.0,2.0,4.0,2.0,179.0,51.0,18.0,38.0,264249.0,97.0,0.0,1.0,0.0,1.0,0.0,0.0,89.0,170.0,3.0
3.0,27.0,2.0,6.0,2.0,179.0,51.0,18.0,38.0,264249.0,97.0,0.0,1.0,0.0,1.0,0.0,0.0,89.0,170.0,3.0
3.0,27.0,2.0,2.0,2.0,179.0,51.0,18.0,38.0,264249.0,97.0,0.0,1.0,0.0,1.0,0.0,0.0,89.0,170.0,2.0
3.0,11.0,2.0,4.0,2.0,179.0,51.0,18.0,38.0,302585.0,99.0,0.0,1.0,0.0,1.0,0.0,0.0,89.0,170.0,8.0
3.0,27.0,2.0,6.0,2.0,179.0,51.0,18.0,38.0,264249.0,97.0,0.0,1.0,0.0,1.0,0.0,0.0,89.0,170.0,2.0
3.0,27.0,2.0,4.0,2.0,179.0,51.0,18.0,38.0,264249.0,97.0,0.0,1.0,0.0,1.0,0.0,0.0,89.0,170.0,2.0
3.0,27.0,2.0,5.0,2.0,179.0,51.0,18.0,38.0,264249.0,97.0,0.0,1.0,0.0,1.0,0.0,0.0,89.0,170.0,2.0
3.0,27.0,2.0,4.0,2.0,179.0,51.0,18.0,38.0,264249.0,97.0,0.0,1.0,0.0,1.0,0.0,0.0,89.0,170.0,2.0
3.0,13.0,2.0,3.0,2.0,179.0,51.0,18.0,38.0,264249.0,97.0,0.0,1.0,0.0,1.0,0.0,0.0,89.0,170.0,8.0
3.0,27.0,2.0,4.0,2.0,179.0,51.0,18.0,38.0,264249.0,97.0,0.0,1.0,0.0,1.0,0.0,0.0,89.0,170.0,2.0
3.0,13.0,2.0,5.0,2.0,179.0,51.0,18.0,38.0,264249.0,97.0,0.0,1.0,0.0,1.0,0.0,0.0,89.0,170.0,8.0
3.0,26.0,7.0,5.0,1.0,179.0,51.0,18.0,38.0,275312.0,98.0,0.0,1.0,0.0,1.0,0.0,0.0,89.0,170.0,8.0
3.0,27.0,1.0,5.0,2.0,179.0,51.0,18.0,38.0,313532.0,96.0,0.0,1.0,0.0,1.0,0.0,0.0,89.0,170.0,3.0
3.0,27.0,1.0,4.0,2.0,179.0,51.0,18.0,38.0,313532.0,96.0,0.0,1.0,0.0,1.0,0.0,0.0,89.0,170.0,3.0
3.0,27.0,2.0,6.0,2.0,179.0,51.0,18.0,38.0,264249.0,97.0,0.0,1.0,0.0,1.0,0.0,0.0,89.0,170.0,2.0
3.0,13.0,3.0,3.0,2.0,179.0,51.0,18.0,38.0,343253.0,95.0,0.0,1.0,0.0,1.0,0.0,0.0,89.0,170.0,3.2733356292987135
3.0,13.0,3.0,4.0,3.0,179.0,51.0,18.0,38.0,343253.0,95.0,0.0,1.0,0.0,1.0,0.0,0.0,89.0,170.0,3.0
3.0,28.0,11.0,2.0,4.0,179.0,51.0,18.0,38.0,268519.0,93.0,0.0,1.0,0.0,1.0,0.0,0.0,89.0,170.0,1.0
3.0,27.0,2.0,2.0,2.0,179.0,51.0,18.0,38.0,264249.0,97.0,0.0,1.0,0.0,1.0,0.0,0.0,89.0,170.0,2.0
3.0,27.0,1.0,6.0,2.0,179.0,51.0,18.0,38.0,313532.0,96.0,0.0,1.0,0.0,1.0,0.0,0.0,89.0,170.0,2.0
3.0,28.0,11.0,6.0,4.0,179.0,51.0,18.0,38.0,268519.0,93.0,0.0,1.0,0.0,1.0,0.0,0.0,89.0,170.0,1.0
3.0,13.0,9.0,2.0,4.0,179.0,51.0,18.0,38.0,294217.0,93.5765379723885,0.0,1.0,0.0,1.0,0.0,0.0,89.0,170.0,8.0
3.0,25.0,8.0,5.0,1.0,179.0,51.0,18.0,38.0,249797.0,93.0,0.0,1.0,0.0,1.0,0.0,0.0,89.0,170.0,4.0
3.0,28.0,4.0,4.0,3.0,179.0,51.0,18.0,38.0,239409.0,98.0,0.0,1.0,0.0,1.0,0.0,0.0,89.0,170.0,8.0
3.0,28.0,12.0,6.0,4.0,179.0,51.0,18.0,38.0,236629.0,93.0,0.0,1.0,0.0,1.0,0.0,0.0,89.0,170.0,1.0
3.0,28.0,12.0,2.0,2.0,179.0,51.0,18.0,38.0,236629.0,93.0,0.0,1.0,0.0,1.0,0.0,0.0,89.0,170.0,3.0
3.0,28.0,4.0,4.0,3.0,180.83066433660588,51.0,18.0,38.0,239409.0,98.0,0.0,1.0,0.0,1.0,0.0,0.0,89.0,170.0,4.0
3.0,28.0,1.0,4.0,2.0,179.0,51.0,18.0,38.0,330061.0,100.0,0.0,1.0,0.0,1.0,0.0,0.0,89.0,170.0,1.0
3.0,28.0,1.0,6.0,2.0,179.0,51.0,18.0,38.0,330061.0,100.0,0.0,1.0,0.0,1.0,0.0,0.0,89.0,170.0,1.0
3.0,27.0,2.0,4.0,2.0,179.0,51.0,18.0,38.0,251818.0,96.0,0.0,1.0,0.0,1.0,0.0,0.0,89.0,170.0,3.0
3.0,23.0,2.0,6.0,2.0,179.0,51.0,18.0,38.0,251818.0,96.0,0.0,1.0,0.0,1.0,0.0,0.0,89.0,170.0,3.0
3.0,27.0,2.0,2.0,2.0,179.0,51.0,18.0,38.0,251818.0,96.0,0.0,1.0,0.0,1.0,0.0,0.0,89.0,170.0,2.0
3.0,27.0,2.0,4.0,2.0,179.0,51.0,18.0,38.0,251818.0,96.0,0.0,1.0,0.0,1.0,0.0,0.0,89.0,170.0,3.0
3.0,10.0,2.0,5.0,2.0,179.0,51.0,18.0,38.0,251818.0,96.0,0.0,1.0,0.0,1.0,0.0,0.0,89.0,170.0,8.0
3.0,28.0,3.0,6.0,3.0,179.0,51.0,18.0,38.0,244387.0,98.0,0.0,1.0,0.0,1.0,0.0,0.0,89.0,170.0,8.0
3.0,27.0,2.0,6.0,2.0,179.0,51.0,18.0,38.0,251818.0,96.0,0.0,1.0,0.0,1.0,0.0,0.0,89.0,170.0,3.0
3.0,27.0,2.0,2.0,2.0,179.0,51.0,18.0,38.0,251818.0,96.0,0.0,1.0,0.0,1.0,0.0,0.0,89.0,170.0,3.0
3.0,27.0,2.0,4.0,2.0,179.0,51.0,18.0,38.0,251818.0,96.0,0.0,1.0,0.0,1.0,0.0,0.0,89.0,170.0,3.0
3.0,27.0,2.0,6.0,2.0,179.0,51.0,18.0,38.0,251818.0,96.0,0.0,1.0,0.0,1.0,0.0,0.0,89.0,170.0,3.0
3.0,28.0,3.0,2.0,2.0,179.0,51.0,18.0,38.0,244387.0,98.0,0.0,1.0,0.0,1.0,0.0,0.0,89.0,170.0,16.0
3.0,27.0,2.0,4.0,2.0,179.0,51.0,18.0,38.0,251818.0,96.0,0.0,1.0,0.0,1.0,0.0,0.0,89.0,170.0,3.0
3.0,27.0,2.0,6.0,2.0,179.0,51.0,18.0,38.0,251818.0,96.0,0.0,1.0,0.0,1.0,0.0,0.0,89.0,170.0,3.0
3.0,28.0,12.0,6.0,4.0,179.0,51.0,18.0,38.0,236629.0,93.0,0.0,1.0,0.0,1.0,0.0,0.0,89.0,170.0,1.0
3.0,25.0,8.0,2.0,1.0,179.0,51.0,18.0,38.0,249797.0,93.0,0.0,1.0,0.0,1.0,0.0,0.0,89.0,170.0,4.0
3.0,28.0,12.0,5.0,4.0,179.0,51.0,18.0,38.0,236629.0,93.0,0.0,1.0,0.0,1.0,0.0,0.0,89.0,170.0,1.0
3.0,28.0,12.0,2.0,4.0,179.0,51.0,18.0,38.0,236629.0,93.0,0.0,1.0,0.0,1.0,0.0,0.0,89.0,170.0,1.0
3.0,11.0,9.0,2.0,1.0,179.0,51.0,18.0,38.0,294217.0,93.73195598672007,0.0,1.0,0.0,1.0,0.0,0.0,89.0,170.0,8.0
3.0,23.0,9.0,6.0,1.0,179.0,51.0,18.0,38.0,294217.0,92.49677419017264,0.0,1.0,0.0,1.0,0.0,0.0,89.0,170.0,3.0
3.0,13.0,9.0,4.0,1.0,179.0,51.0,18.0,38.0,294217.0,93.49968655140557,0.0,1.0,0.0,1.0,0.0,0.0,89.0,170.0,8.0
3.0,23.0,9.0,5.0,1.0,179.0,51.0,18.0,38.0,294217.0,92.53778042726715,0.0,1.0,0.0,1.0,0.0,0.0,89.0,170.0,1.0
3.0,28.0,7.0,3.0,1.0,179.0,51.0,18.0,38.0,230290.0,92.0,0.0,1.0,0.0,1.0,0.0,0.0,89.0,170.0,1.0
3.0,27.0,3.0,4.0,2.0,179.0,51.0,18.0,38.0,222196.0,99.0,0.0,1.0,0.0,1.0,0.0,0.0,89.0,170.0,2.0
3.0,28.0,10.0,4.0,4.0,179.0,51.0,18.0,38.0,265017.0,88.0,0.0,1.0,0.0,1.0,0.0,0.0,89.0,170.0,1.0
3.0,5.0,6.0,4.0,1.0,179.0,51.0,18.0,38.0,253957.0,95.0,0.0,1.0,0.0,1.0,0.0,0.0,89.0,170.0,8.0
3.0,28.0,6.0,2.0,1.0,179.0,51.0,18.0,38.0,253957.0,95.0,0.0,1.0,0.0,1.0,0.0,0.0,89.0,170.0,2.0
3.0,28.0,6.0,2.0,3.0,179.0,51.0,18.0,38.0,253957.0,95.0,0.0,1.0,0.0,1.0,0.0,0.0,89.0,170.0,4.0
3.0,28.0,6.0,2.0,3.0,179.0,51.0,18.0,38.0,253957.0,95.0,0.0,1.0,0.0,1.0,0.0,0.0,89.0,170.0,3.499996250009375
3.0,0.0,6.0,6.0,3.0,179.0,51.0,18.0,38.0,253957.0,95.0,1.0,1.0,0.0,1.0,0.0,0.0,89.0,170.0,0.0
3.0,6.0,11.0,3.0,4.0,179.0,51.0,18.0,38.0,284031.0,97.0,0.0,1.0,0.0,1.0,0.0,0.0,89.0,170.0,8.0
3.0,28.0,6.0,2.0,3.0,179.0,51.0,18.0,38.0,253957.0,95.0,0.0,1.0,0.0,1.0,0.0,0.0,89.0,170.0,3.0
3.0,28.0,11.0,5.0,4.0,179.0,51.0,18.0,38.0,284031.0,97.0,0.0,1.0,0.0,1.0,0.0,0.0,89.0,170.0,3.0
3.0,28.0,11.0,3.0,4.0,179.0,51.0,18.0,38.0,284031.0,97.0,0.0,1.0,0.0,1.0,0.0,0.0,89.0,170.0,1.0
3.0,23.0,11.0,5.0,4.0,179.0,51.0,18.0,38.0,284031.0,97.0,0.0,1.0,0.0,1.0,0.0,0.0,89.0,170.0,1.0
3.0,28.0,5.0,4.0,3.0,179.0,51.0,18.0,38.0,246074.0,99.0,0.0,1.0,0.0,1.0,0.0,0.0,89.0,170.0,4.0
3.0,28.0,12.0,2.0,4.0,179.0,51.0,18.0,38.0,236629.0,93.0,0.0,1.0,0.0,1.0,0.0,0.0,89.0,170.0,2.0
3.0,28.0,4.0,2.0,3.0,179.0,51.0,18.0,38.0,239409.0,98.0,0.0,1.0,0.0,1.0,0.0,0.0,89.0,170.0,4.0
3.0,27.0,3.0,5.0,2.0,179.0,51.0,18.0,38.0,222196.0,99.0,0.0,1.0,0.0,1.0,0.0,0.0,89.0,170.0,3.0
3.0,28.0,3.0,2.0,2.0,179.0,51.0,18.0,38.0,244387.0,98.0,0.0,1.0,0.0,1.0,0.0,0.0,89.0,170.0,2.0
3.0,27.0,3.0,2.0,2.0,179.0,51.0,18.0,38.0,222196.0,99.0,0.0,1.0,0.0,1.0,0.0,0.0,89.0,170.0,3.0
3.0,23.0,9.0,6.0,4.0,179.0,51.0,18.0,38.0,241476.0,92.0,0.0,1.0,0.0,1.0,0.0,0.0,89.0,170.0,3.0
3.0,23.0,9.0,4.0,4.0,179.0,51.0,18.0,38.0,241476.0,92.0,0.0,1.0,0.0,1.0,0.0,0.0,89.0,170.0,3.0
3.0,23.0,9.0,3.0,1.0,179.0,51.0,18.0,38.0,241476.0,92.0,0.0,1.0,0.0,1.0,0.0,0.0,89.0,170.0,3.0
3.0,23.0,9.0,3.0,1.0,179.0,51.0,18.0,38.0,241476.0,92.0,0.0,1.0,0.0,1.0,0.0,0.0,89.0,170.0,4.0
3.0,13.0,11.0,5.0,4.0,179.0,51.0,18.0,38.0,306345.0,93.09180530900072,0.0,1.0,0.0,1.0,0.0,0.0,89.0,170.0,8.0
3.0,23.0,10.0,6.0,4.0,179.0,51.0,18.0,38.0,253465.0,93.0,0.0,1.0,0.0,1.0,0.0,0.0,89.0,170.0,3.0
3.0,23.0,8.0,2.0,1.0,179.0,51.0,18.0,38.0,205917.0,92.0,0.0,1.0,0.0,1.0,0.0,0.0,89.0,170.0,2.0
3.0,18.0,8.0,2.0,1.0,179.0,51.0,18.0,38.0,205917.0,92.0,0.0,1.0,0.0,1.0,0.0,0.0,89.0,170.0,8.0
3.0,27.0,3.0,5.0,3.0,179.0,51.0,18.0,38.0,222196.0,99.0,0.0,1.0,0.0,1.0,0.0,0.0,89.0,170.0,3.0
3.0,23.0,8.0,6.0,1.0,179.0,51.0,18.0,38.0,205917.0,92.0,0.0,1.0,0.0,1.0,0.0,0.0,89.0,170.0,2.0
3.0,27.0,3.0,4.0,3.0,179.0,51.0,18.0,38.0,222196.0,99.0,0.0,1.0,0.0,1.0,0.0,0.0,89.0,170.0,3.0
3.0,23.0,10.0,4.0,4.0,179.0,51.0,18.0,38.0,253465.0,93.0,0.0,1.0,0.0,1.0,0.0,0.0,89.0,170.0,8.0
3.0,11.0,8.0,2.0,1.0,179.0,51.0,18.0,38.0,205917.0,92.0,0.0,1.0,0.0,1.0,0.0,0.0,89.0,170.0,1.0
3.0,10.0,3.0,2.0,2.0,179.0,51.0,18.0,38.0,222196.0,99.0,0.0,1.0,0.0,1.0,0.0,0.0,89.0,170.0,4.0
3.0,23.0,10.0,3.0,4.0,179.0,51.0,18.0,38.0,253465.0,93.0,0.0,1.0,0.0,1.0,0.0,0.0,89.0,170.0,3.0
3.0,27.0,3.0,3.0,3.0,179.0,51.0,18.0,38.0,222196.0,99.0,0.0,1.0,0.0,1.0,0.0,0.0,89.0,170.0,3.0
3.0,23.0,7.0,4.0,1.0,179.0,51.0,18.0,38.0,239554.0,97.0,0.0,1.0,0.0,1.0,0.0,0.0,89.0,170.0,2.0
3.0,27.0,3.0,3.0,2.0,179.0,51.0,18.0,38.0,222196.0,99.0,0.0,1.0,0.0,1.0,0.0,0.0,89.0,170.0,2.0
3.0,23.0,7.0,4.0,1.0,179.0,51.0,18.0,38.0,239554.0,97.0,0.0,1.0,0.0,1.0,0.0,0.0,89.0,170.0,4.0
3.0,27.0,3.0,4.0,2.0,179.0,51.0,18.0,38.0,222196.0,99.0,0.0,1.0,0.0,1.0,0.0,0.0,89.0,170.0,2.0
3.0,27.0,3.0,5.0,2.0,179.0,51.0,18.0,38.0,222196.0,99.0,0.0,1.0,0.0,1.0,0.0,0.0,89.0,170.0,3.0
3.0,23.0,7.0,6.0,1.0,179.79105093352547,51.0,18.0,38.0,239554.0,97.0,0.0,1.0,0.0,1.0,0.0,0.0,89.0,170.0,2.0
3.0,11.0,7.0,4.0,1.0,179.0,51.0,18.0,38.0,239554.0,97.0,0.0,1.0,0.0,1.0,0.0,0.0,89.0,170.0,1.0
3.0,27.0,3.0,6.0,2.0,179.0,51.0,18.0,38.0,222196.0,99.0,0.0,1.0,0.0,1.0,0.0,0.0,89.0,170.0,3.0
3.0,23.0,11.0,5.0,4.0,179.0,51.0,18.0,38.0,306345.0,93.0,0.0,1.0,0.0,1.0,0.0,0.0,89.0,170.0,1.0
3.0,21.0,7.0,2.0,1.0,179.0,51.0,18.0,38.0,239554.0,97.0,0.0,1.0,0.0,1.0,0.0,0.0,89.0,170.0,8.0
4.0,0.0,0.0,3.0,1.0,118.0,14.0,13.0,40.0,271219.0,95.0,0.0,1.0,1.0,1.0,0.0,8.0,98.0,170.0,0.0
5.0,0.0,10.0,4.0,4.0,235.0,20.0,13.0,43.0,265017.0,88.0,1.0,1.0,1.0,1.0,0.0,0.0,106.0,167.0,0.0
5.0,0.0,10.0,6.0,4.0,235.0,20.0,13.0,43.0,265017.0,88.0,1.0,1.0,1.0,1.0,0.0,0.0,106.0,167.0,0.0
5.0,23.0,10.0,2.0,4.0,235.0,20.0,13.0,43.0,265017.0,88.0,0.0,1.0,1.0,1.0,0.0,0.0,106.0,167.0,2.0
5.0,23.0,10.0,2.0,4.0,235.0,20.0,13.0,43.0,265017.0,88.0,0.0,1.0,1.0,1.0,0.0,0.0,106.0,167.0,2.0
5.0,26.0,6.0,3.0,3.0,235.0,20.0,13.0,43.0,253957.0,95.0,0.0,1.0,1.0,1.0,0.0,0.0,106.0,167.0,8.0
5.0,26.0,1.0,2.0,2.0,235.0,20.0,13.0,43.0,330061.0,100.0,0.0,1.0,1.0,1.0,0.0,0.0,106.0,167.0,8.0
5.0,26.0,11.0,2.0,4.0,235.0,20.0,13.0,43.0,284031.0,97.0,0.0,1.0,1.0,1.0,0.0,0.0,106.0,167.0,8.0
5.0,19.0,9.0,3.0,1.0,235.0,20.0,13.0,43.0,241476.0,92.0,0.0,1.0,1.0,1.0,0.0,0.0,106.0,167.0,8.0
5.0,26.0,9.0,4.0,4.0,235.0,20.0,13.0,43.0,294217.0,93.99999887269688,0.0,1.0,1.0,1.0,0.0,0.0,106.0,167.0,8.0
5.0,26.0,5.0,4.0,3.0,235.0,20.0,13.0,43.0,237656.0,99.0,0.0,1.0,1.0,1.0,0.0,0.0,106.0,167.0,8.0
5.0,26.0,12.0,6.0,4.0,235.0,20.0,13.0,43.0,280549.0,98.0,0.0,1.0,1.0,1.0,0.0,0.0,106.0,167.0,8.0
5.0,26.0,7.0,2.0,1.0,235.0,20.0,13.0,43.0,230290.0,92.0,0.0,1.0,1.0,1.0,0.0,0.0,106.0,167.0,8.0
5.0,26.0,7.0,4.0,1.0,235.0,20.0,13.0,43.0,264604.0,93.0,0.0,1.0,1.0,1.0,0.0,0.0,106.0,167.0,4.0
5.0,13.0,5.0,2.0,3.0,235.0,20.0,13.0,43.0,246074.0,99.0,0.0,1.0,1.0,1.0,0.0,0.0,106.0,167.0,16.0
5.0,13.0,12.0,3.0,2.0,235.0,20.0,13.0,43.0,236629.0,93.0,0.0,1.0,1.0,1.0,0.0,0.0,106.0,167.0,8.0
5.0,26.0,8.0,3.0,1.0,235.0,20.0,13.0,43.0,249797.0,93.0,0.0,1.0,1.0,1.0,0.0,0.0,106.0,167.0,8.0
5.0,0.0,9.0,5.0,4.0,235.0,20.0,13.0,43.0,294217.0,93.49287580134197,1.0,1.0,1.0,1.0,0.0,0.0,106.0,167.0,0.0
5.0,0.0,9.0,5.0,1.0,235.0,20.0,13.0,43.0,294217.0,93.49292543738056,1.0,1.0,1.0,1.0,0.0,0.0,106.0,167.10105713085687,0.0
6.0,23.0,10.0,2.0,4.0,189.0,29.0,13.0,33.0,284853.0,91.0,0.0,1.0,2.0,0.0,0.0,2.0,69.0,167.0,8.0
6.0,22.0,11.0,2.0,4.0,189.0,29.0,13.0,33.0,306345.0,93.0,0.0,1.0,2.0,0.0,0.0,2.0,69.0,167.0,8.0
6.0,22.0,7.0,3.0,1.0,189.0,29.0,13.0,33.0,264604.0,93.0,0.0,1.0,2.0,0.0,0.0,2.0,69.0,167.0,16.0
6.0,13.0,4.0,5.0,3.0,189.0,29.0,13.0,33.0,246288.0,91.0,0.0,1.0,2.0,0.0,0.0,2.0,69.0,167.0,8.0
6.0,23.0,2.0,2.0,2.0,189.0,29.0,13.0,33.0,251818.0,96.0,0.0,1.0,2.0,0.0,0.0,2.0,69.0,167.0,8.0
6.0,23.0,2.0,5.0,2.0,189.0,29.0,13.0,33.0,302585.0,99.0,0.0,1.0,2.0,0.0,0.0,2.0,69.0,167.0,8.0
6.0,11.0,7.0,5.0,1.0,189.0,29.0,13.0,33.0,239554.0,97.0,0.0,1.0,2.0,0.0,0.0,2.0,69.0,167.0,8.0
6.0,19.0,2.0,5.0,2.0,189.0,29.0,13.0,33.0,302585.0,99.0,0.0,1.0,2.0,0.0,0.0,2.0,69.0,167.0,8.0
7.0,7.0,7.0,5.0,1.0,279.0,5.0,14.0,39.0,239554.0,97.0,0.0,1.0,2.0,1.0,1.0,0.0,68.0,168.0,4.0
7.0,0.0,5.0,4.0,3.0,279.0,5.0,14.0,39.0,275919.48893541755,92.0,1.0,1.0,2.0,1.0,1.0,0.0,68.0,168.0,0.0
7.0,14.0,3.0,5.0,3.0,279.0,5.0,14.0,39.0,343253.0,95.0,0.0,1.0,2.0,1.0,1.0,0.0,68.0,168.0,16.0
7.0,0.0,11.0,3.0,4.0,279.0,5.0,14.0,39.0,284031.0,97.0,1.0,1.0,2.0,1.0,1.0,0.0,68.0,168.0,0.21902277084618316
7.0,23.0,7.0,5.0,1.0,279.0,5.0,14.0,39.0,230290.0,92.0,0.0,1.0,2.0,1.0,1.0,0.0,68.0,168.0,2.0
7.0,14.0,3.0,2.0,2.0,279.0,5.0,14.0,39.0,343253.0,95.0,0.0,1.0,2.0,1.0,1.0,0.0,68.0,168.0,8.0
8.0,0.0,0.0,4.0,2.0,231.0,35.0,14.0,39.0,271219.0,95.0,0.0,1.0,2.0,1.0,0.0,2.0,100.0,170.0,0.0
8.0,0.0,9.0,3.0,1.0,231.0,35.0,14.0,39.0,294217.0,93.43994182210959,1.0,1.0,2.0,1.0,0.0,2.0,100.0,170.0,0.0
9.0,1.0,10.0,4.0,4.0,228.0,14.0,16.0,30.649286082579447,284853.0,91.0,0.0,1.0,2.0,0.0,0.0,1.0,65.0,172.0,1.0
9.0,6.0,7.0,2.0,1.0,228.0,14.0,16.0,39.65037304817442,264604.0,93.0,0.0,1.0,2.0,0.0,0.0,1.0,65.0,172.0,8.0
9.0,6.0,7.0,3.0,1.0,228.0,14.0,16.0,39.651250946620735,264604.0,93.0,0.0,1.0,2.0,0.0,0.0,1.0,65.0,172.0,7.994565761145185
9.0,18.0,5.0,4.0,3.0,228.0,14.0,16.0,31.312339422838303,246074.0,99.0,0.0,1.0,2.0,0.0,0.0,1.0,65.0,172.0,8.0
9.0,18.0,8.0,3.0,1.0,228.0,14.0,16.0,34.312627215521175,265615.0,94.0,0.0,1.0,2.0,0.0,0.0,1.0,65.0,172.0,8.0
9.0,25.0,3.0,3.0,2.0,228.0,14.0,16.0,29.46871863546899,222196.0,99.0,0.0,1.0,2.0,0.0,0.0,1.0,65.0,172.0,3.0
9.0,25.0,3.0,4.0,2.0,228.0,14.0,16.0,29.455012158703934,222196.0,99.0,0.0,1.0,2.0,0.0,0.0,1.0,65.0,172.0,2.0
9.0,12.0,3.0,3.0,2.0,228.0,14.0,16.0,29.301358311974518,222196.0,99.0,0.0,1.0,2.0,0.0,0.0,1.0,65.0,172.0,3.162697111429779
10.0,22.0,7.0,4.0,1.0,361.0,52.0,3.0,28.0,264604.0,93.0,0.0,1.0,1.0,1.0,0.0,4.0,80.0,172.0,8.0
10.0,25.0,8.0,2.0,1.0,361.0,52.0,3.0,28.0,205917.0,92.0,0.0,1.0,1.0,1.0,0.0,4.0,80.0,172.0,7.0
10.0,23.0,10.0,6.0,4.0,361.0,52.0,3.0,28.0,253465.0,93.0,0.0,1.0,1.0,1.0,0.0,4.0,80.0,172.0,1.0
10.0,14.0,12.0,5.0,4.0,361.0,52.0,3.0,28.0,280549.0,98.0,0.0,1.0,1.0,1.0,0.0,4.0,80.0,172.0,4.0
10.0,8.0,8.0,3.0,1.0,361.0,52.0,3.0,28.0,265615.0,94.0,0.0,1.0,1.0,1.0,0.0,4.0,80.0,172.2449396726787,8.0
10.0,22.0,7.0,3.0,1.0,361.0,52.0,3.0,28.0,275312.0,98.0,0.0,1.0,1.0,1.0,0.0,4.0,80.0,172.0,8.0
10.0,7.0,5.0,2.0,3.0,361.0,52.0,3.0,28.0,237656.0,99.0,0.0,1.0,1.0,1.0,0.0,4.0,80.0,172.0,8.0
10.0,28.0,11.0,2.0,4.0,361.0,52.0,3.0,28.0,268519.0,93.0,0.0,1.0,1.0,1.0,0.0,4.0,80.0,172.0,2.0
10.0,23.0,8.0,2.0,1.0,361.0,52.0,3.0,28.0,205917.0,92.0,0.0,1.0,1.0,1.0,0.0,4.0,80.0,172.0,1.0
10.0,22.0,6.0,2.0,3.0,361.0,52.0,3.0,28.0,253180.4129760901,94.0,0.0,1.0,1.0,1.0,0.0,4.0,80.0,172.0,8.0
10.0,22.0,7.0,6.0,1.0,361.0,52.0,3.0,28.0,230290.0,92.0,0.0,1.0,1.0,1.0,0.0,4.0,80.0,172.0,8.0
10.0,13.0,8.0,2.0,1.0,361.0,52.0,3.0,28.0,205917.0,92.0,0.0,1.0,1.0,1.0,0.0,4.0,80.0,172.0,5.1669413135823845
10.0,23.0,5.0,5.0,3.0,361.0,52.0,3.0,28.0,246074.0,99.0,0.0,1.0,1.0,1.0,0.0,4.0,80.0,172.0,1.0
10.0,10.0,10.0,2.0,4.0,361.0,52.0,3.0,28.0,265017.0,88.0,0.0,1.0,1.0,1.0,0.0,4.0,80.0,172.0,8.0
10.0,19.0,3.0,2.0,2.0,361.0,52.0,3.0,28.0,222196.0,99.0,0.0,1.0,1.0,1.0,0.0,4.0,80.0,172.0,8.0
10.0,22.0,11.0,3.0,4.0,361.0,52.0,3.0,28.0,268519.0,93.0,0.0,1.0,1.0,1.0,0.0,4.0,80.0,172.0,8.0
10.0,22.0,9.0,3.0,4.0,361.0,52.0,3.0,28.0,261756.0,87.0,0.0,1.0,1.0,1.0,0.0,4.0,80.0,172.0,8.0
10.0,19.0,4.0,3.0,3.0,361.0,52.0,3.0,28.0,246288.0,91.0,0.0,1.0,1.0,1.0,0.0,4.0,80.0,172.0,8.0
10.0,23.0,4.0,3.0,3.0,361.0,52.0,3.0,28.0,246288.0,91.0,0.0,1.0,1.0,1.0,0.0,4.0,80.0,172.0,2.0
10.0,22.0,12.0,4.0,4.0,361.0,52.0,3.0,28.0,261306.0,97.0,0.0,1.0,1.0,1.0,0.0,4.0,80.0,172.0000015413381,8.0
10.0,22.0,7.0,6.0,1.0,323.1422653911796,52.0,3.0,28.0,239554.0,97.0,0.0,1.0,1.0,1.0,0.0,4.0,80.0,172.0,8.0
10.0,22.0,12.0,4.0,4.0,361.0,52.0,3.0,28.0,261306.00732753487,97.0,0.0,1.0,1.0,1.0,0.0,4.0,80.0,172.0,8.0
11.0,18.0,8.0,2.0,1.0,289.0,36.0,13.0,33.0,205917.0,92.0,0.0,1.0,2.0,1.0,0.0,1.0,90.0,172.0,8.0
11.0,19.0,8.0,6.0,1.0,289.0,36.0,13.0,33.0,265615.0,94.0,0.0,1.0,2.0,1.0,0.0,1.0,90.0,172.0,8.0
11.0,26.0,8.0,3.0,1.0,289.0,36.0,13.0,33.0,249797.0,93.0,0.0,1.0,2.0,1.0,0.0,1.0,90.0,172.0,8.0
11.0,26.0,1.0,2.0,2.0,289.0,36.0,13.0,33.0,330061.0,100.0,0.0,1.0,2.0,1.0,0.0,1.0,90.0,172.0,8.0
11.0,19.0,12.0,2.0,2.0,289.0,36.0,13.0,33.0,236629.0,93.0,0.0,1.0,2.0,1.0,0.0,1.0,90.0,172.0,8.0
11.0,23.0,8.0,3.0,1.0,289.0,36.0,13.0,33.0,265615.0,94.0,0.0,1.0,2.0,1.0,0.0,1.0,90.0,172.0,4.0
11.0,19.0,7.0,2.0,1.0,289.0,36.0,13.0,33.0,275312.0,98.0,0.0,1.0,2.0,1.0,0.0,1.0,90.0,172.0,7.999999873440619
11.0,26.0,7.0,4.0,1.0,289.0,36.0,13.0,33.0,275312.0,98.0,0.0,1.0,2.0,1.0,0.0,1.0,90.0,172.0,8.0
11.0,23.0,8.0,2.0,1.0,289.0,36.0,13.0,33.0,265615.0,94.0,0.0,1.0,2.0,1.0,0.0,1.0,90.0,172.0,1.0
11.0,26.0,7.0,3.0,1.0,289.0,36.0,13.0,33.0,239554.0,97.0,0.0,1.0,2.0,1.0,0.0,1.0,90.0,172.0,4.0
11.0,22.0,2.0,6.0,2.0,289.0,36.0,13.0,33.0,302585.0,99.0,0.0,1.0,2.0,1.0,0.0,1.0,90.0,172.0,8.0
11.0,19.0,9.0,4.0,1.0,289.0,36.0,13.0,33.0,294217.0,92.1787830270827,0.0,1.0,2.0,1.0,0.0,1.0,90.0,171.29668096792946,6.764099721568914
11.0,19.0,3.0,2.0,3.0,289.0,36.0,13.0,33.0,222196.0,99.0,0.0,1.0,2.0,1.0,0.0,1.0,90.0,172.0,7.864922306333945
11.0,6.0,3.0,5.0,2.0,289.0,36.0,13.0,33.0,343253.0,95.0,0.0,1.0,2.0,1.0,0.0,1.0,90.0,172.0,8.0
11.0,22.0,7.0,2.0,1.0,289.0,36.0,13.0,33.0,230290.0,92.0,0.0,1.0,2.0,1.0,0.0,1.0,90.0,172.0,8.0
11.0,24.0,8.0,3.0,1.0,289.0,36.0,13.0,33.0,205917.0,92.0,0.0,1.0,2.0,1.0,0.0,1.0,90.0,172.0,8.0
11.0,24.0,10.0,2.0,4.0,289.0,36.0,13.0,33.0,265017.0,88.0,0.0,1.0,2.0,1.0,0.0,1.0,90.0,172.0,8.0
11.0,26.0,10.0,2.0,4.0,289.0,36.0,13.0,33.0,265017.0,88.0,0.0,1.0,2.0,1.0,0.0,1.0,90.0,172.0,8.0
11.0,22.0,10.0,6.0,4.0,289.0,36.0,13.0,33.0,265017.0,88.0,0.0,1.0,2.0,1.0,0.0,1.0,90.0,172.0,8.0
11.0,19.0,10.0,5.0,4.0,289.0,36.0,13.0,33.0,265017.0,88.0,0.0,1.0,2.0,1.0,0.0,1.0,90.0,172.0,16.0
11.0,13.0,1.0,4.0,2.0,289.0,36.0,13.0,33.0,313532.0,96.0,0.0,1.0,2.0,1.0,0.0,1.0,90.0,172.0,8.0
11.0,7.0,11.0,4.0,4.0,289.0,36.0,13.0,33.0,306345.0,93.0,0.0,1.0,2.0,1.0,0.0,1.0,90.0,172.0,7.175082090790913
11.0,0.0,9.0,3.0,4.0,289.0,36.0,13.0,33.0,241476.0,92.0,1.0,1.0,2.0,1.0,0.0,1.0,90.0,172.0,0.0
11.0,23.0,8.0,3.0,1.0,289.0,36.0,13.0,33.0,205917.0,92.0,0.0,1.0,2.0,1.0,0.0,1.0,90.0,172.0,1.0
11.0,18.0,8.0,4.0,1.0,289.0,36.0,13.0,33.0,205917.0,92.0,0.0,1.0,2.0,1.0,0.0,1.0,90.0,172.0,8.0
11.0,19.0,7.0,5.0,1.0,289.0,36.0,13.0,33.0,275312.0,98.0,0.0,1.0,2.0,1.0,0.0,1.0,90.0,172.0,8.0
11.0,13.0,4.0,5.0,3.0,289.0,36.0,13.0,33.0,326452.0,96.0,0.0,1.0,2.0,1.0,0.0,1.0,90.0,172.0,16.0
11.0,13.0,5.0,4.0,3.0,289.0,36.0,13.0,33.0,292429.6051990746,92.0,0.0,1.0,2.0,1.0,0.0,1.0,90.0,172.0,8.000008207048221
11.0,18.0,1.0,3.0,2.0,289.0,36.0,13.0,33.0,308593.0,95.0,0.0,1.0,2.0,1.0,0.0,1.0,90.0,172.0,8.0
11.0,23.0,7.0,5.0,1.0,289.0,36.0,13.0,33.0,239554.0,97.0,0.0,1.0,2.0,1.0,0.0,1.0,90.0,172.0,2.0
11.0,24.0,11.0,4.0,4.0,289.0,36.0,13.0,33.0,268519.0,93.0,0.0,1.0,2.0,1.0,0.0,1.0,90.0,172.0,8.0
11.0,14.0,7.0,3.0,1.0,289.0,36.0,13.0,33.0,264604.0,93.0,0.0,1.0,2.0,1.0,0.0,1.0,90.0,172.0,8.0
11.0,23.0,3.0,4.0,2.0,289.0,36.0,13.0,33.0,222196.0,99.0,0.0,1.0,2.0,1.0,0.0,1.0,90.0,172.0,8.0
11.0,0.0,11.0,4.0,4.0,289.0,36.0,13.0,33.0,268519.0,93.0,1.0,1.0,2.0,1.0,0.0,1.0,90.0,172.0,0.0
11.0,22.0,2.0,6.0,2.0,289.0,36.0,13.0,33.0,251818.0,96.0,0.0,1.0,2.0,1.0,0.0,1.0,90.0,172.0,3.0
11.0,22.0,3.0,6.0,3.0,289.0,36.0,13.0,33.0,244387.0,98.0,0.0,1.0,2.0,1.0,0.0,1.0,90.0,172.0,8.0
11.0,22.0,1.0,5.0,2.0,289.0,36.0,13.0,33.0,308593.0,95.0,0.0,1.0,2.0,1.0,0.0,1.0,90.0,172.0,3.0
11.0,13.0,5.0,4.0,3.0,289.0,36.0,13.0,33.0,264185.5837049266,92.0,0.0,1.0,2.0,1.0,0.0,1.0,90.0,172.0,8.0
11.0,19.0,4.0,3.0,3.0,289.0,36.0,13.0,33.0,326452.0,96.0,0.0,1.0,2.0,1.0,0.0,1.0,90.0,172.0,8.0
11.0,26.0,10.0,4.0,4.0,289.0,36.0,13.0,33.0,256023.05290285085,93.0,0.0,1.0,2.0,1.0,0.0,1.0,90.0,172.0,8.0
12.0,19.0,7.0,6.0,1.0,233.0,51.0,1.0,31.0,264604.0,93.0,0.0,2.0,1.0,1.0,0.0,8.0,68.0,169.00000612149302,2.0
12.0,19.0,2.0,2.0,2.0,233.0,51.0,1.0,31.0,264249.0,97.0,0.0,2.0,1.0,1.0,0.0,8.0,68.0,168.99999423130618,2.0
12.0,22.0,6.0,4.0,1.0,233.0,51.0,1.0,31.0,275089.0,96.0,0.0,2.0,1.0,1.0,0.0,8.0,68.0,169.28604720361838,3.0
12.0,19.0,6.0,6.0,3.0,233.0,51.0,1.0,31.0,275089.0,96.0,0.0,2.0,1.0,1.0,0.0,8.0,68.0,169.29447470531227,8.0
12.0,12.0,2.0,4.0,2.0,233.0,51.0,1.0,31.0,264249.0,97.0,0.0,2.0,1.0,1.0,0.0,8.0,68.0,168.99999405931044,3.0
12.0,22.0,6.0,5.0,1.0,233.0,51.0,1.0,31.0,275089.0,96.0,0.0,2.0,1.0,1.0,0.0,8.0,68.0,169.2900464641068,8.0
12.0,18.0,12.0,2.0,4.0,233.0,51.0,1.0,31.0,280549.0,98.0,0.0,2.0,1.0,1.0,0.0,8.0,68.0,169.0,8.0
13.0,10.0,10.0,6.0,4.0,369.0,17.0,12.0,31.0,284853.0,91.0,0.0,1.0,3.0,1.0,0.0,0.0,70.0,169.0,8.0
13.0,0.0,3.0,4.0,2.0,369.0,17.0,12.0,31.0,244387.0,98.0,1.0,1.0,3.0,1.0,0.0,0.0,70.0,169.0,0.0
13.0,10.0,5.0,2.0,3.0,369.0,17.0,12.0,31.0,246074.0,99.0,0.0,1.0,3.0,1.0,0.0,0.0,70.0,169.0,8.0
13.0,7.0,4.0,2.0,3.0,369.0,17.0,12.0,31.0,246288.0,91.0,0.0,1.0,3.0,1.0,0.0,0.0,70.0,169.0,4.258894339114965
13.0,22.0,3.0,4.0,3.0,369.0,17.0,12.0,31.0,222196.0,99.0,0.0,1.0,3.0,1.0,0.0,0.0,70.0,169.0,8.0
13.0,0.0,9.0,4.0,4.0,369.0,17.0,12.0,31.0,241476.0,92.0,1.0,1.0,3.0,1.0,0.0,0.0,70.0,169.0,0.0
13.0,23.0,9.0,3.0,4.0,369.0,17.0,12.0,31.0,261756.0,87.0,0.0,1.0,3.0,1.0,0.0,0.0,70.0,171.8184097710804,8.0
13.0,22.0,10.0,2.0,4.0,369.0,17.0,12.0,31.0,265017.0,88.0,0.0,1.0,3.0,1.0,0.0,0.0,70.0,169.0,8.0
13.0,13.0,7.0,2.0,1.0,369.0,17.0,12.0,31.0,264604.0,93.0,0.0,1.0,3.0,1.0,0.0,0.0,70.0,169.0,4.6864759861457514
13.0,22.0,4.0,2.0,3.0,369.0,17.0,12.0,31.0,239409.0,98.0,0.0,1.0,3.0,1.0,0.0,0.0,70.0,169.0,4.0
13.0,23.0,10.0,3.0,4.0,369.0,17.0,12.0,31.0,284853.0,91.0,0.0,1.0,3.0,1.0,0.0,0.0,70.0,169.0,8.0
13.0,26.0,10.0,3.0,4.0,369.0,17.0,12.0,31.0,284853.0,91.0,0.0,1.0,3.0,1.0,0.0,0.0,70.0,169.0,8.0
13.0,23.0,10.0,3.0,4.0,369.0,17.0,12.0,31.0,284853.0,91.0,0.0,1.0,3.0,1.0,0.0,0.0,70.0,169.0,3.0
13.0,10.0,10.0,5.0,4.0,369.0,17.0,12.0,31.0,284853.0,91.0,0.0,1.0,3.0,1.0,0.0,0.0,70.0,169.0,8.0
14.0,18.0,1.0,3.0,2.0,155.0,12.0,14.0,34.0,308593.0,95.0000011868305,0.0,1.0,2.0,1.0,0.0,0.0,95.0,172.0000055353672,8.0
14.0,10.0,5.0,6.0,3.0,155.0,12.0,14.0,34.0,237656.0,99.0,0.0,1.0,2.0,1.0,0.0,0.0,95.0,170.6253404744645,8.0
14.0,23.0,9.0,4.0,1.0,155.0,12.0,14.0,34.0,241476.0,92.0,0.0,1.0,2.0,1.0,0.0,0.0,95.0,171.99999475763894,2.0
14.0,28.0,4.0,3.0,3.0,155.0,12.0,14.0,34.0,326452.0,96.0,0.0,1.0,2.0,1.0,0.0,0.0,95.0,170.0,1.0
14.0,6.0,11.0,6.0,4.0,155.0,12.0,14.0,34.0,306345.0,93.0,0.0,1.0,2.0,1.0,0.0,0.0,95.0,169.99999444009572,8.0
14.0,12.0,4.0,4.0,3.0,155.0,12.0,14.0,34.0,326452.0,96.0,0.0,1.0,2.0,1.0,0.0,0.0,95.0,169.99999327885038,2.112351613422091
14.0,23.0,4.0,5.0,3.0,155.0,12.0,14.0,34.0,326452.0,96.0,0.0,1.0,2.0,1.0,0.0,0.0,95.0,170.00000338660826,1.0
14.0,10.0,11.0,2.0,4.0,155.0,12.0,14.0,34.0,306345.0,93.0,0.0,1.0,2.0,1.0,0.0,0.0,95.0,169.13480213848928,7.024867689468932
14.0,18.0,1.0,3.0,2.0,155.0,12.0,14.0,34.0,313532.0,96.0,0.0,1.0,2.0,1.0,0.0,0.0,95.0,170.0,8.0
14.0,13.0,3.0,4.0,3.0,155.0,12.0,14.0,34.0,222196.0,99.0,0.0,1.0,2.0,1.0,0.0,0.0,95.0,171.77140137537924,3.0080720454659833
14.0,13.0,3.0,3.0,2.0,155.0,12.0,14.0,34.0,343253.0,95.0,0.0,1.0,2.0,1.0,0.0,0.0,95.0,169.99999042482463,8.0
14.0,25.0,7.0,6.0,1.0,155.0,12.0,14.0,34.0,275312.0,98.0,0.0,1.0,2.0,1.0,0.0,0.0,95.0,171.3737811606775,2.0
14.0,23.0,9.0,3.0,1.0,155.0,12.0,14.0,34.0,261756.0,87.0,0.0,1.0,2.0,1.0,0.0,0.0,95.0,171.18519396491666,2.0
14.0,10.0,5.0,2.0,3.0,155.0,12.0,14.0,34.0,237656.0,99.0,0.0,1.0,2.0,1.0,0.0,0.0,95.0,170.62697641257864,7.260100241938452
14.0,19.0,7.0,3.0,1.0,155.0,12.0,14.0,34.0,275312.0,98.0,0.0,1.0,2.0,1.0,0.0,0.0,95.0,171.38080738666068,16.0
14.0,25.0,2.0,2.0,2.0,155.0,12.0,14.0,34.0,264249.0,97.0,0.0,1.0,2.0,1.0,0.0,0.0,95.0,170.0,5.0
14.0,23.0,1.0,3.0,2.0,155.0,12.0,14.0,34.0,330061.0,100.0,0.0,1.0,2.0,1.0,0.0,0.0,95.0,170.72561123872967,4.0
14.0,1.0,3.0,2.0,2.0,155.0,12.0,14.0,34.0,343253.0,95.0,0.0,1.0,2.0,1.0,0.0,0.0,95.0,169.99999478183497,16.0
14.0,23.0,1.0,2.0,2.0,155.0,12.0,14.0,34.0,330061.0,100.0,0.0,1.0,2.0,1.0,0.0,0.0,95.0,170.72525116807034,2.0
14.0,23.0,6.0,2.0,3.0,155.0,12.0,14.0,34.0,277629.66738688824,94.0,0.0,1.0,2.0,1.0,0.0,0.0,95.0,169.99999500777963,4.0
14.0,18.0,12.0,3.0,2.0,155.0,12.0,14.0,34.0,280549.0,98.0,0.0,1.0,2.0,1.0,0.0,0.0,95.0,170.5896074741298,2.8550724778961203
14.0,28.0,4.0,3.0,3.0,155.0,12.0,14.0,34.0,246288.0,91.0,0.0,1.0,2.0,1.0,0.0,0.0,95.0,171.25118232869264,4.0
14.0,28.0,5.0,2.0,3.0,155.0,12.0,14.0,34.0,265375.614714029,92.0,0.0,1.0,2.0,1.0,0.0,0.0,95.0,170.0000100342226,2.0
14.0,19.0,7.0,2.0,1.0,155.0,12.0,14.0,34.0,239554.0,97.0,0.0,1.0,2.0,1.0,0.0,0.0,95.0,168.97878749810846,3.1379310793693316
14.0,28.0,5.0,5.0,3.0,155.0,12.0,14.0,34.0,278936.248641671,92.0,0.0,1.0,2.0,1.0,0.0,0.0,95.0,170.0000100290299,2.0
14.0,23.0,5.0,4.0,3.0,155.0,12.0,14.0,34.0,237656.0,99.0,0.0,1.0,2.0,1.0,0.0,0.0,95.0,170.0000049190794,2.0
14.0,28.0,2.0,5.0,2.0,155.0,12.0,14.0,34.0,302585.0,99.0,0.0,1.0,2.0,1.0,0.0,0.0,95.0,168.2623454910176,2.0
14.0,28.0,5.0,2.0,3.0,155.0,12.0,14.0,34.0,273711.6644884142,92.0,0.0,1.0,2.0,1.0,0.0,0.0,95.0,170.00001003600445,1.0
15.0,23.0,11.0,5.0,4.0,291.0,31.0,12.0,40.0,306345.0,93.0,0.0,1.0,1.0,1.0,0.0,1.0,73.0,171.0,3.0
15.0,12.0,11.0,6.0,4.0,291.0,31.0,12.0,40.0,284031.0,97.0,0.0,1.0,1.0,1.0,0.0,1.0,73.0,171.0,4.0
15.0,13.0,6.0,2.0,3.0,291.0,31.0,12.0,40.0,253957.0,95.0,0.0,1.0,1.0,1.0,0.0,1.0,73.0,171.0,4.401711582519489
15.0,23.0,11.0,2.0,4.0,291.0,31.0,12.0,40.0,284031.0,97.0,0.0,1.0,1.0,1.0,0.0,1.0,73.0,171.0,1.0
15.0,3.0,1.0,4.0,2.0,291.0,31.0,12.0,40.0,330061.0,100.0,0.0,1.0,1.0,1.0,0.0,1.0,73.0,171.0,8.0
15.0,23.0,9.0,5.0,1.0,291.0,31.0,12.0,40.0,241476.0,92.0,0.0,1.0,1.0,1.0,0.0,1.0,73.0,171.0,4.0
15.0,23.0,2.0,3.0,2.0,291.0,31.0,12.0,40.0,251818.0,96.0,0.0,1.0,1.0,1.0,0.0,1.0,73.0,171.0,2.0
15.0,14.0,9.0,2.0,4.0,274.5055130107012,31.0,12.0,40.0,241476.0,92.0,0.0,1.0,1.0,1.0,0.0,1.0,73.0,171.0,4.88645666126941
15.0,0.0,11.0,3.0,4.0,291.0,31.0,12.0,40.0,268519.0,93.0,1.0,1.0,1.0,1.0,0.0,1.0,73.0,171.0,0.0
15.0,0.0,10.0,3.0,4.0,291.0,31.0,12.0,40.0,265017.0,88.0,1.0,1.0,1.0,1.0,0.0,1.0,73.0,171.0,0.0
15.0,28.0,7.0,5.0,1.0,291.0,31.0,12.0,40.0,230290.0,92.0,0.0,1.0,1.0,1.0,0.0,1.0,73.0,171.0,1.0
15.0,28.0,5.0,5.0,3.0,291.0,31.0,12.0,40.0,237656.0,99.0,0.0,1.0,1.0,1.0,0.0,1.0,73.0,171.0,2.0
15.0,28.0,8.0,5.0,1.0,291.0,31.0,12.0,40.0,249797.0,93.0,0.0,1.0,1.0,1.0,0.0,1.0,73.0,171.0,4.0
15.0,22.0,5.0,4.0,3.0,291.0,31.0,12.0,40.0,237656.0,99.0,0.0,1.0,1.0,1.0,0.0,1.0,73.0,171.0,8.0
15.0,28.0,9.0,3.0,1.0,291.0,31.0,12.0,40.0,294217.0,93.7776886549654,0.0,1.0,1.0,1.0,0.0,1.0,73.0,171.0,3.0
15.0,28.0,8.0,5.0,1.0,291.0,31.0,12.0,40.0,249797.0,93.0,0.0,1.0,1.0,1.0,0.0,1.0,73.0,171.0,2.0
15.0,28.0,9.0,6.0,1.0,291.0,31.0,12.0,40.0,294217.0,93.79586772176901,0.0,1.0,1.0,1.0,0.0,1.0,73.0,171.0,4.0
15.0,28.0,9.0,5.0,1.0,291.0,31.0,12.0,40.0,261756.0,87.0,0.0,1.0,1.0,1.0,0.0,1.0,73.0,171.0,2.0
15.0,14.0,10.0,3.0,4.0,291.0,31.0,12.0,40.0,253465.0,93.0,0.0,1.0,1.0,1.0,0.0,1.0,73.0,171.0,8.0
15.0,28.0,9.0,6.0,4.0,291.0,31.0,12.0,40.0,294217.0,93.80570011539054,0.0,1.0,1.0,1.0,0.0,1.0,73.0,171.0,3.0
15.0,7.0,9.0,2.0,4.0,291.0,31.0,12.0,40.0,294217.0,92.91945472432704,0.0,1.0,1.0,1.0,0.0,1.0,73.0,171.0,3.4388249364352195
15.0,23.0,10.0,5.0,4.0,291.0,31.0,12.0,40.0,253465.0,93.0,0.0,1.0,1.0,1.0,0.0,1.0,73.0,171.0,5.0
15.0,23.0,10.0,6.0,4.0,291.0,31.0,12.0,40.0,284853.0,91.0,0.0,1.0,1.0,1.0,0.0,1.0,73.0,171.0,1.0
15.0,23.0,6.0,5.0,3.0,291.0,31.0,12.0,40.0,284646.3928247832,94.0,0.0,1.0,1.0,1.0,0.0,1.0,73.0,171.0,4.0
15.0,28.0,10.0,4.0,4.0,291.0,31.0,12.0,40.0,284853.0,91.0,0.0,1.0,1.0,1.0,0.0,1.0,73.0,171.0,2.0
15.0,22.0,3.0,4.0,2.0,291.0,31.0,12.0,40.0,343253.0,95.0,0.0,1.0,1.0,1.0,0.0,1.0,73.0,171.0,8.0
15.0,28.0,11.0,4.0,4.0,291.0,31.0,12.0,40.0,268519.0,93.0,0.0,1.0,1.0,1.0,0.0,1.0,73.0,171.0,2.0
15.0,28.0,10.0,3.0,4.0,291.0,31.0,12.0,40.0,265017.0,88.0,0.0,1.0,1.0,1.0,0.0,1.0,73.0,171.0,4.0
15.0,14.0,11.0,2.0,4.0,291.0,31.0,12.0,40.0,306345.0,93.0,0.0,1.0,1.0,1.0,0.0,1.0,73.0,171.0,3.871452005900008
15.0,28.0,5.0,5.0,3.0,291.0,31.0,12.0,40.0,237656.0,99.0,0.0,1.0,1.0,1.0,0.0,1.0,73.0,171.0,2.0
15.0,23.0,4.0,6.0,3.0,291.0,31.0,12.0,40.0,326452.0,96.0,0.0,1.0,1.0,1.0,0.0,1.0,73.0,171.0,3.0
15.0,28.0,4.0,6.0,3.0,291.0,31.0,12.0,40.0,326452.0,96.0,0.0,1.0,1.0,1.0,0.0,1.0,73.0,171.0,1.0
15.0,28.0,6.0,5.0,3.0,291.0,31.0,12.0,40.0,275089.0,96.0,0.0,1.0,1.0,1.0,0.0,1.0,73.0,171.0,2.0
15.0,28.0,4.0,4.0,3.0,291.0,31.0,12.0,40.0,326452.0,96.0,0.0,1.0,1.0,1.0,0.0,1.0,73.0,171.0,1.0
15.0,28.0,12.0,4.0,4.0,291.0,31.0,12.0,40.0,280549.0,98.0,0.0,1.0,1.0,1.0,0.0,1.0,73.0,171.0,1.0
15.0,23.0,10.0,4.0,4.0,291.0,31.0,12.0,40.0,284853.0,91.0,0.0,1.0,1.0,1.0,0.0,1.0,73.0,171.0,1.0
15.0,23.0,11.0,5.0,4.0,291.0,31.0,12.0,40.0,264316.4244178123,93.0,0.0,1.0,1.0,1.0,0.0,1.0,73.0,171.0,5.0
16.0,23.0,3.0,4.0,3.0,118.0,15.0,24.0,46.0,222196.0,99.0,0.0,1.0,2.0,1.0,1.0,0.0,75.0,175.0,8.0
16.0,7.0,6.0,4.0,3.0,118.0,15.0,24.0,46.0,275089.0,96.0,0.0,1.0,2.0,1.0,1.0,0.0,75.0,175.0,8.0
17.0,21.0,11.0,5.0,4.0,179.0,22.0,17.0,40.0,306345.0,93.0,0.0,2.0,2.0,0.0,1.0,0.0,63.0,170.0,8.0
17.0,16.0,5.0,6.0,3.0,179.0,22.0,17.0,40.0,237656.0,99.0,0.0,2.0,2.0,0.0,1.0,0.0,63.0,170.0,1.0
17.0,25.0,8.0,3.0,1.0,179.0,22.0,17.0,40.0,249797.0,93.0,0.0,2.0,2.0,0.0,1.0,0.0,63.0,170.0,8.0
17.0,25.0,1.0,5.0,2.0,179.0,22.0,17.0,40.0,313532.0,96.0,0.0,2.0,2.0,0.0,1.0,0.0,63.0,170.0,2.0
17.0,25.0,8.0,2.0,1.0,179.0,22.0,17.0,40.0,249797.0,93.0,0.0,2.0,2.0,0.0,1.0,0.0,63.0,170.0,1.0
17.0,22.0,3.0,3.0,2.0,179.0,22.0,17.0,40.0,244387.0,98.0,0.0,2.0,2.0,0.0,1.0,0.0,63.0,170.0,8.0
17.0,18.0,12.0,6.0,4.0,179.0,22.0,17.0,40.0,280549.0,98.0,0.0,2.0,2.0,0.0,1.0,0.0,63.0,170.0,2.0
17.0,11.0,3.0,2.0,2.0,179.0,22.0,17.0,40.0,343253.0,95.0,0.0,2.0,2.0,0.0,1.0,0.0,63.0,170.0,7.703933898221657
17.0,10.0,5.0,4.0,3.0,179.0,22.0,17.0,40.0,237656.0,99.0,0.0,2.0,2.0,0.0,1.0,0.0,63.0,170.0,8.0
17.0,11.0,5.0,2.0,3.0,179.0,22.0,17.0,40.0,246074.0,99.0,0.0,2.0,2.0,0.0,1.0,0.0,63.0,170.0,2.0
17.0,25.0,5.0,6.0,3.0,179.0,22.0,17.0,40.0,237656.0,99.0,0.0,2.0,2.0,0.0,1.0,0.0,63.0,170.0,8.0
17.0,8.0,5.0,2.0,3.0,179.0,22.0,17.0,40.0,246074.0,99.0,0.0,2.0,2.0,0.0,1.0,0.0,63.0,170.0,3.0
17.0,18.0,1.0,6.0,2.0,179.0,22.0,17.0,40.0,313532.0,96.0,0.0,2.0,2.0,0.0,1.0,0.0,63.0,170.0,3.0
17.0,25.0,1.0,4.0,2.0,179.0,22.0,17.0,40.0,313532.0,96.0,0.0,2.0,2.0,0.0,1.0,0.0,63.0,170.0,2.0
17.0,8.0,3.0,5.0,2.0,179.0,22.0,17.0,40.0,343253.0,95.0,0.0,2.0,2.0,0.0,1.0,0.0,63.0,170.0,8.0
17.0,23.0,2.0,6.0,2.0,179.0,22.0,17.0,40.0,264249.0,97.0,0.0,2.0,2.0,0.0,1.0,0.0,63.0,170.0,2.0
17.0,16.0,4.0,3.0,3.0,179.0,22.0,17.0,40.0,246288.0,91.0,0.0,2.0,2.0,0.0,1.0,0.0,63.0,170.0,2.0
17.0,17.0,3.0,3.0,2.0,179.0,22.0,17.0,40.0,343253.0,95.0,0.0,2.0,2.0,0.0,1.0,0.0,63.0,170.0,8.0
17.0,25.0,1.0,6.0,2.0,179.0,22.0,17.0,40.0,313532.0,96.0,0.0,2.0,2.0,0.0,1.0,0.0,63.0,170.0,2.0
17.0,21.0,11.0,4.0,4.0,179.0,22.0,17.0,40.0,306345.0,93.00182759304472,0.0,2.0,2.0,0.0,1.0,0.0,63.0,170.0,8.0
18.0,2.0,11.0,4.0,4.0,330.0,16.0,4.0,28.0,268519.0,93.0,0.0,2.0,0.0,0.0,0.0,0.0,84.0,171.6313057730143,0.0
18.0,0.0,11.0,3.0,4.0,330.0,16.0,4.0,28.0,284031.0,97.0,1.0,2.0,0.0,0.0,0.0,0.0,84.0,171.30698788240565,0.0
18.0,13.0,5.0,6.0,3.0,330.0,16.0,4.0,28.0,246074.0,99.0,0.0,2.0,0.0,0.0,0.0,0.0,84.0,170.5055199471754,8.0
18.0,25.0,7.0,6.0,1.0,330.0,16.0,4.0,28.0,230290.0,92.0,0.0,2.0,0.0,0.0,0.0,0.0,84.0,172.65922686054316,8.0
18.0,0.0,5.0,4.0,3.0,330.0,16.0,4.0,28.0,275071.87603937974,92.0,1.0,2.0,0.0,0.0,0.0,0.0,84.0,174.9999952469092,0.0
18.0,23.0,2.0,3.0,2.0,330.0,16.0,4.0,28.0,302585.0,99.0,0.0,2.0,0.0,0.0,0.0,0.0,84.0,171.64650511521182,1.0
18.0,11.0,6.0,3.0,1.0,330.0,16.0,4.0,28.0,253957.0,95.0,0.0,2.0,0.0,0.0,0.0,0.0,84.0,171.31394232931203,1.0
18.0,18.0,2.0,2.0,2.0,330.0,16.0,4.0,28.0,302585.0,99.0,0.0,2.0,0.0,0.0,0.0,0.0,84.0,171.65442252197568,8.0
18.0,1.0,7.0,3.0,1.0,330.0,16.0,4.0,28.0,275312.0,98.0,0.0,2.0,0.0,0.0,0.0,0.0,84.0,171.67671037125436,8.0
18.0,10.0,5.0,5.0,3.0,330.0,16.0,4.0,28.0,237656.0,99.0,0.0,2.0,0.0,0.0,0.0,0.0,84.0,172.96201661014294,8.0
18.0,26.0,4.0,6.0,3.0,330.0,16.0,4.0,28.0,239409.0,98.0,0.0,2.0,0.0,0.0,0.0,0.0,84.0,172.00653088060727,4.0
18.0,23.0,8.0,5.0,1.0,330.0,16.0,4.0,28.0,249797.0,93.0,0.0,2.0,0.0,0.0,0.0,0.0,84.0,171.0,16.0
18.0,1.0,7.0,2.0,1.0,330.0,16.0,4.0,28.0,275312.0,98.0,0.0,2.0,0.0,0.0,0.0,0.0,84.0,171.67677887385562,8.0
18.0,23.0,4.0,4.0,3.0,330.0,16.0,4.0,28.0,239409.0,98.0,0.0,2.0,0.0,0.0,0.0,0.0,84.0,171.99403705212768,8.0
18.0,26.0,7.0,3.0,1.0,330.0,16.0,4.0,28.0,275312.0,98.0,0.0,2.0,0.0,0.0,0.0,0.0,84.0,171.65884820302998,8.0
19.0,28.0,3.0,3.0,2.0,291.0,50.0,12.0,32.0,343253.0,95.0,0.0,1.0,0.0,1.0,0.0,0.0,65.0,169.0,2.0
19.0,0.0,9.0,3.0,1.0,291.0,50.0,12.0,32.0,294217.0,92.71849596181316,1.0,1.0,0.0,1.0,0.0,0.0,65.0,169.0,0.0
19.0,11.0,8.0,5.0,1.0,291.0,50.0,12.0,32.0,205917.0,92.0,0.0,1.0,0.0,1.0,0.0,0.0,65.0,169.0,4.0
20.0,28.0,5.0,6.0,3.0,260.0,50.0,11.0,36.0,246074.0,99.0,0.0,1.0,4.0,1.0,0.0,0.0,65.0,168.0,3.0
20.0,13.0,7.0,6.0,1.0,260.0,50.0,11.0,36.0,230290.0,92.0,0.0,1.0,4.0,1.0,0.0,0.0,65.0,168.0,8.0
20.0,26.0,7.0,2.0,1.0,260.0,50.0,11.0,36.0,230290.0,92.0,0.0,1.0,4.0,1.0,0.0,0.0,65.0,168.0,4.0
20.0,28.0,4.0,6.0,3.0,260.0,50.0,11.0,36.0,239409.0,98.0,0.0,1.0,4.0,1.0,0.0,0.0,65.0,168.0,3.0
20.0,19.0,3.0,2.0,3.0,260.0,50.0,11.0,36.0,244387.0,98.0,0.0,1.0,4.0,1.0,0.0,0.0,65.0,168.0,8.0
20.0,28.0,4.0,6.0,3.0,260.0,50.0,11.0,36.0,239409.0,98.0,0.0,1.0,4.0,1.0,0.0,0.0,65.0,168.0,4.0
20.0,28.0,6.0,6.0,3.0,260.0,50.0,11.0,36.0,253957.0,95.0,0.0,1.0,4.0,1.0,0.0,0.0,65.0,168.0,4.0
20.0,28.0,8.0,2.0,1.0,260.0,50.0,11.0,36.0,249797.0,93.0,0.0,1.0,4.0,1.0,0.0,0.0,65.0,168.0,3.0
20.0,26.0,2.0,6.0,2.0,260.0,50.0,11.0,36.0,251818.0,96.0,0.0,1.0,4.0,1.0,0.0,0.0,65.0,168.0,3.0
20.0,19.0,3.0,3.0,2.0,260.0,50.0,11.0,36.0,343253.0,95.0,0.0,1.0,4.0,1.0,0.0,0.0,65.0,168.0,8.0
20.0,10.0,11.0,4.0,4.0,260.0,50.0,11.0,36.0,284031.0,97.0,0.0,1.0,4.0,1.0,0.0,0.0,65.0,168.0,8.0
20.0,15.0,11.0,6.0,4.0,260.0,50.0,11.0,36.0,284031.0,97.0,0.0,1.0,4.0,1.0,0.0,0.0,65.0,168.0,8.0
20.0,26.0,12.0,6.0,4.0,260.0,50.0,11.0,36.0,261306.0,97.0,0.0,1.0,4.0,1.0,0.0,0.0,65.0,168.0,8.0
20.0,26.0,3.0,2.0,2.0,260.0,50.0,11.0,36.0,343253.0,95.0,0.0,1.0,4.0,1.0,0.0,0.0,65.0,168.0,16.0
20.0,28.0,12.0,6.0,4.0,260.0,50.0,11.0,36.0,236629.0,93.0,0.0,1.0,4.0,1.0,0.0,0.0,65.0,168.0,4.0
20.0,28.0,11.0,6.0,4.0,260.0,50.0,11.0,36.0,242855.20408921345,93.0,0.0,1.0,4.0,1.0,0.0,0.0,65.0,168.0,4.0
20.0,28.0,3.0,6.0,2.0,260.0,50.0,11.0,36.0,343253.0,95.0,0.0,1.0,4.0,1.0,0.0,0.0,65.0,168.0,4.0
20.0,28.0,3.0,6.0,2.0,260.0,50.0,11.0,36.0,244387.0,98.0,0.0,1.0,4.0,1.0,0.0,0.0,65.0,168.0,4.0
20.0,13.0,3.0,4.0,2.0,260.0,50.0,11.0,36.0,343253.0,95.0,0.0,1.0,4.0,1.0,0.0,0.0,65.0,168.0,8.0
20.0,28.0,10.0,6.0,4.0,259.87402466500106,50.0,11.0,36.0,253465.0,93.0,0.0,1.0,4.0,1.0,0.0,0.0,65.0,168.0,3.0
20.0,26.0,12.0,4.0,2.0,260.0,50.0,11.0,36.0,236629.0,93.0,0.0,1.0,4.0,1.0,0.0,0.0,65.0,168.0,8.0
20.0,28.0,11.0,6.0,4.0,260.0,50.0,11.0,36.0,284031.0,97.0,0.0,1.0,4.0,1.0,0.0,0.0,65.0,168.0,3.0
20.0,28.0,12.0,6.0,4.0,260.0,50.0,11.0,36.0,261306.0,97.0,0.0,1.0,4.0,1.0,0.0,0.0,65.0,168.0,3.0
20.0,28.0,4.0,6.0,3.0,260.0,50.0,11.0,36.0,326452.0,96.0,0.0,1.0,4.0,1.0,0.0,0.0,65.0,168.0,4.0
20.0,19.0,10.0,5.0,4.0,260.0,50.0,11.0,36.0,253465.0,93.0,0.0,1.0,4.0,1.0,0.0,0.0,65.0,168.93491997431533,16.0
20.0,13.0,3.0,6.0,2.0,260.0,50.0,11.0,36.0,343253.0,95.0,0.0,1.0,4.0,1.0,0.0,0.0,65.0,168.0,8.155759665876225
20.0,19.0,4.0,6.0,3.0,260.0,50.0,11.0,36.0,326452.0,96.0,0.0,1.0,4.0,1.0,0.0,0.0,65.0,168.0,4.582393522381438
20.0,23.0,7.0,6.0,1.0,260.0,50.0,11.0,36.0,239554.0,97.0,0.0,1.0,4.0,1.0,0.0,0.0,65.0,168.0,4.0
20.0,1.0,7.0,2.0,1.0,260.0,50.0,11.0,36.0,239554.0,97.0,0.0,1.0,4.0,1.0,0.0,0.0,65.0,168.0,8.0
20.0,1.0,7.0,3.0,1.0,260.0,50.0,11.0,36.0,239554.0,97.0,0.0,1.0,4.0,1.0,0.0,0.0,65.0,168.0,8.0
20.0,11.0,7.0,4.0,1.0,260.0,50.0,11.0,36.0,239554.0,97.0,0.0,1.0,4.0,1.0,0.0,0.0,65.0,168.0,8.0
20.0,28.0,8.0,6.0,1.0,260.0,50.0,11.0,36.0,205917.0,92.0,0.0,1.0,4.0,1.0,0.0,0.0,65.0,168.0,4.0
20.0,28.0,9.0,6.0,1.0,260.0,50.0,11.0,36.0,294217.0,94.00000366289946,0.0,1.0,4.0,1.0,0.0,0.0,65.0,168.0,4.0
20.0,0.0,10.0,3.0,4.0,260.0,50.0,11.0,36.0,265017.0,88.0,1.0,1.0,4.0,1.0,0.0,0.0,65.0,168.0,0.0
20.0,23.0,8.0,6.0,1.0,260.0,50.0,11.0,36.0,205917.0,92.0,0.0,1.0,4.0,1.0,0.0,0.0,65.0,168.0,4.0
20.0,28.0,8.0,6.0,1.0,260.0,50.0,11.0,36.0,265615.0,94.0,0.0,1.0,4.0,1.0,0.0,0.0,65.0,168.0,4.0
20.0,28.0,2.0,6.0,2.0,260.0,50.0,11.0,36.0,302585.0,99.0,0.0,1.0,4.0,1.0,0.0,0.0,65.0,168.0,2.0
20.0,0.0,7.0,5.0,1.0,260.0,50.0,11.0,36.0,275312.0,98.0,1.0,1.0,4.0,1.0,0.0,0.0,65.0,168.0,0.0
20.0,23.0,9.0,6.0,4.0,260.0,50.0,11.0,36.0,241476.0,92.0,0.0,1.0,4.0,1.0,0.0,0.0,65.0,168.0,4.0
21.0,0.0,6.0,2.0,3.0,268.0,11.0,8.0,33.0,275089.0,96.0,1.0,2.0,0.0,0.0,0.0,0.0,79.0,169.00686694101663,0.0
21.0,7.0,7.0,2.0,1.0,268.0,11.0,8.0,33.0,230290.0,92.0,0.0,2.0,0.0,0.0,0.0,0.0,79.0,168.54627631987617,8.0
21.0,11.0,8.0,5.0,1.0,268.0,11.0,8.0,33.0,265615.0,94.0,0.0,2.0,0.0,0.0,0.0,0.0,79.0,169.204899020652,8.0
22.0,13.0,3.0,5.0,2.0,179.0,26.0,9.0,30.0,343253.0,95.0,0.0,3.0,0.0,0.0,0.0,0.0,56.0,171.0,8.0
22.0,21.0,6.0,4.0,1.0,179.0,26.0,9.0,30.0,253957.0,95.0,0.0,3.0,0.0,0.0,0.0,0.0,56.0,171.0,2.0
22.0,27.0,1.0,4.0,2.0,179.0,26.0,9.0,30.0,313532.0,96.0,0.0,3.0,0.0,0.0,0.0,0.0,56.0,171.0,2.0
22.0,23.0,10.0,5.0,4.0,179.0,26.0,9.0,30.0,265017.0,88.0,0.0,3.0,0.0,0.0,0.0,0.0,56.0,171.0,16.0
22.0,12.0,1.0,2.0,2.0,179.0,26.0,9.0,30.0,313532.0,96.0,0.0,3.0,0.0,0.0,0.0,0.0,56.0,171.0,4.290837031175478
22.0,13.0,1.0,2.0,2.0,179.0,26.0,9.0,30.0,313532.0,96.0,0.0,3.0,0.0,0.0,0.0,0.0,56.0,171.0,3.0
22.0,23.0,7.0,5.0,1.0,179.0,26.0,9.0,30.0,230290.0,92.0,0.0,3.0,0.0,0.0,0.0,0.0,56.0,171.0,2.0
22.0,27.0,1.0,2.0,2.0,179.0,26.0,9.0,30.0,313532.0,96.0,0.0,3.0,0.0,0.0,0.0,0.0,56.0,171.0,2.0
22.0,1.0,10.0,2.0,4.0,179.0,26.0,9.0,30.0,265017.0,88.0,0.0,3.0,0.0,0.0,0.0,0.0,56.0,171.0,8.0
22.0,1.0,10.0,4.0,4.0,179.0,26.0,9.0,30.0,265017.0,88.0,0.0,3.0,0.0,0.0,0.0,0.0,56.0,171.0,5.0
22.0,12.0,1.0,5.0,2.0,179.0,26.0,9.0,30.0,313532.0,96.0,0.0,3.0,0.0,0.0,0.0,0.0,56.0,171.0,16.0
22.0,13.0,12.0,3.0,4.0,179.0,26.0,9.0,30.0,280549.0,98.0,0.0,3.0,0.0,0.0,0.0,0.0,56.0,171.0,16.0
22.0,13.0,3.0,2.0,3.0,179.0,26.0,9.0,30.0,343253.0,95.0,0.0,3.0,0.0,0.0,0.0,0.0,56.0,171.0,1.0
22.0,13.0,12.0,6.0,4.0,179.0,26.0,9.0,30.0,280549.0,98.0,0.0,3.0,0.0,0.0,0.0,0.0,56.0,171.0,1.0
22.0,23.0,8.0,5.0,1.0,179.0,26.0,9.0,30.0,265615.0,94.0,0.0,3.0,0.0,0.0,0.0,0.0,56.0,171.0,1.0
22.0,23.0,9.0,2.0,1.0,179.0,26.0,9.0,30.0,261756.0,87.0,0.0,3.0,0.0,0.0,0.0,0.0,56.0,171.42312647886254,2.0
22.0,23.0,9.0,6.0,1.0,179.0,26.0,9.0,30.0,261756.0,87.0,0.0,3.0,0.0,0.0,0.0,0.0,56.0,171.0,8.0
22.0,1.0,10.0,4.0,4.0,179.0,26.0,9.0,30.0,265017.0,88.0,0.0,3.0,0.0,0.0,0.0,0.0,56.0,171.0,5.000014965194667
22.0,27.0,2.0,5.0,2.0,179.0,26.0,9.0,30.0,264249.0,97.0,0.0,3.0,0.0,0.0,0.0,0.0,56.0,171.0,2.0
22.0,18.0,7.0,5.0,1.0,179.0,26.0,9.0,30.0,275312.0,98.0,0.0,3.0,0.0,0.0,0.0,0.0,56.0,171.0,8.0
22.0,23.0,2.0,3.0,2.0,179.0,26.0,9.0,30.0,302585.0,99.0,0.0,3.0,0.0,0.0,0.0,0.0,56.0,171.0,1.0
22.0,13.0,6.0,2.0,1.0,179.0,26.0,9.0,30.0,275089.0,96.0,0.0,3.0,0.0,0.0,0.0,0.0,56.0,171.0,3.0
22.0,13.0,6.0,5.0,3.0,179.0,26.0,9.0,30.0,275089.0,96.0,0.0,3.0,0.0,0.0,0.0,0.0,56.0,171.0,2.0
22.0,27.0,6.0,6.0,3.0,179.0,26.0,9.0,30.0,275089.0,96.0,0.0,3.0,0.0,0.0,0.0,0.0,56.0,171.0,2.0
22.0,27.0,6.0,4.0,3.0,179.0,26.0,9.0,30.0,275089.0,96.0,0.0,3.0,0.0,0.0,0.0,0.0,56.0,171.0,3.0
22.0,23.0,10.0,5.0,4.0,220.5564463732149,39.91596935508295,9.0,30.0,253465.0,93.0,0.0,3.0,0.0,0.0,0.0,0.0,56.0,171.0,1.0
22.0,27.0,5.0,6.0,3.0,179.0,26.0,9.0,30.0,237656.0,99.0,0.0,3.0,0.0,0.0,0.0,0.0,56.0,171.0,2.0
22.0,27.0,5.0,4.0,3.0,179.0,26.0,9.0,30.0,237656.0,99.0,0.0,3.0,0.0,0.0,0.0,0.0,56.0,171.0,2.0
22.0,7.0,10.0,4.0,4.0,179.0,26.0,9.0,30.0,265017.0,88.0,0.0,3.0,0.0,0.0,0.0,0.0,56.0,171.0,5.0
22.0,13.0,5.0,5.0,3.0,179.0,26.0,9.0,30.0,237656.0,99.0,0.0,3.0,0.0,0.0,0.0,0.0,56.0,171.0,1.0
22.0,27.0,4.0,6.0,3.0,179.0,26.0,9.0,30.0,246288.0,91.0,0.0,3.0,0.0,0.0,0.0,0.0,56.0,171.0,2.0
22.0,27.0,4.0,6.0,3.0,179.0,26.0,9.0,30.0,246288.0,91.0,0.0,3.0,0.0,0.0,0.0,0.0,56.0,171.0,2.0
22.0,23.0,12.0,3.0,4.0,179.0,26.0,9.0,30.0,236629.0,93.0,0.0,3.0,0.0,0.0,0.0,0.0,56.0,171.0,1.0
22.0,27.0,4.0,6.0,3.0,179.0,26.0,9.0,30.0,246288.0,91.0,0.0,3.0,0.0,0.0,0.0,0.0,56.0,171.0,2.0
22.0,27.0,5.0,6.0,3.0,179.0,26.0,9.0,30.0,237656.0,99.0,0.0,3.0,0.0,0.0,0.0,0.0,56.0,171.0,2.0
22.0,13.0,3.0,2.0,3.0,179.0,26.0,9.0,30.0,222196.0,99.0,0.0,3.0,0.0,0.0,0.0,0.0,56.0,171.0,2.0
22.0,23.0,5.0,4.0,3.0,179.0,26.0,9.0,30.0,246074.0,99.0,0.0,3.0,0.0,0.0,0.0,0.0,56.0,171.0,3.0
22.0,18.0,1.0,3.0,2.0,179.0,26.0,9.0,30.0,308593.0,95.0,0.0,3.0,0.0,0.0,0.0,0.0,56.0,171.0,8.0
22.0,27.0,2.0,4.0,2.0,179.0,26.0,9.0,30.0,264249.0,97.0,0.0,3.0,0.0,0.0,0.0,0.0,56.0,171.0,2.0
22.0,27.0,4.0,6.0,3.0,179.0,26.0,9.0,30.0,246288.0,91.0,0.0,3.0,0.0,0.0,0.0,0.0,56.0,171.0,2.0
22.0,13.0,2.0,5.0,2.0,179.0,26.0,9.0,30.0,264249.0,97.0,0.0,3.0,0.0,0.0,0.0,0.0,56.0,171.0,2.0
22.0,27.0,3.0,6.0,2.0,179.0,26.0,9.0,30.0,222196.0,99.0,0.0,3.0,0.0,0.0,0.0,0.0,56.0,171.0,3.0
22.0,27.0,3.0,6.0,2.0,179.0,26.0,9.0,30.0,222196.0,99.0,0.0,3.0,0.0,0.0,0.0,0.0,56.0,171.0,2.0
22.0,23.0,3.0,6.0,2.0,179.0,26.0,9.0,30.0,222196.0,99.0,0.0,3.0,0.0,0.0,0.0,0.0,56.0,171.0,2.0
22.0,23.0,5.0,4.0,3.0,179.0,26.0,9.0,30.0,246074.0,99.0,0.0,3.0,0.0,0.0,0.0,0.0,56.0,171.0,3.0
22.0,25.0,5.0,2.0,3.0,179.0,26.0,9.0,30.0,246074.0,99.0,0.0,3.0,0.0,0.0,0.0,0.0,56.0,171.0,2.0
23.0,0.0,5.0,4.0,3.0,378.0,49.0,11.0,36.0,237656.0,99.0,1.0,1.0,2.0,0.0,1.0,4.0,65.0,174.0,0.0
23.0,22.0,6.0,5.0,3.0,378.0,49.0,11.0,36.0,284425.0793556853,94.0,0.0,1.0,2.0,0.0,1.0,4.0,65.0,174.0,8.0
23.0,1.0,11.0,2.0,4.0,378.0,49.0,11.0,36.0,284031.0,97.0,0.0,1.0,2.0,0.0,1.0,4.0,65.0,174.0,8.0
23.0,19.0,4.0,4.0,3.0,378.0,49.0,11.0,36.0,326452.0,96.0,0.0,1.0,2.0,0.0,1.0,4.0,65.0,174.0,8.0
23.0,0.0,11.0,6.0,4.0,378.0,49.0,11.0,36.0,284031.0,97.0,1.0,1.0,2.0,0.0,1.0,4.0,65.0,174.0,0.0
23.0,22.0,6.0,5.0,3.0,378.0,49.0,11.0,36.0,275089.0,96.0,0.0,1.0,2.0,0.0,1.0,4.0,65.0,174.0,8.0
24.0,28.0,9.0,3.0,1.0,246.0,25.0,16.0,41.0,261756.0,87.0,0.0,1.0,0.0,1.0,0.0,0.0,67.0,170.0,1.0
24.0,28.0,9.0,3.0,1.0,246.0,25.0,16.0,41.0,261756.0,87.0,0.0,1.0,0.0,1.0,0.0,0.0,67.0,170.0,1.0
24.0,19.0,6.0,2.0,3.0,246.0,25.0,16.0,38.72998531246873,307514.5348741995,94.0,0.0,1.0,0.0,1.0,0.0,0.0,67.0,170.0,8.0
24.0,10.0,6.0,2.0,3.0,246.0,25.0,16.0,41.0,297273.9335972958,94.0,0.0,1.0,0.0,1.0,0.0,0.0,67.0,170.0,8.0
24.0,10.0,6.0,3.0,3.0,246.0,25.0,16.0,41.0,304063.70407994505,94.0,0.0,1.0,0.0,1.0,0.0,0.0,67.0,170.0,8.46207656914894
24.0,14.0,4.0,6.0,3.0,246.0,25.0,16.0,41.0,326452.0,96.0,0.0,1.0,0.0,1.0,0.0,0.0,67.0,170.0,8.0
24.0,13.0,4.0,4.0,3.0,246.0,25.0,16.0,41.0,326452.0,96.0,0.0,1.0,0.0,1.0,0.0,0.0,67.0,170.0,8.000000181236036
24.0,19.0,12.0,6.0,2.0,246.0,25.0,16.0,41.0,261306.0,97.0,0.0,1.0,0.0,1.0,0.0,0.0,67.0,170.0,8.0
24.0,26.0,10.0,6.0,4.0,246.0,25.0,16.0,41.0,284853.0,91.0,0.0,1.0,0.0,1.0,0.0,0.0,67.0,172.0620964225565,8.0
24.0,1.0,2.0,4.0,2.0,246.0,25.0,16.0,41.0,302585.0,99.0,0.0,1.0,0.0,1.0,0.0,0.0,67.0,170.0,8.0
24.0,28.0,3.0,6.0,2.0,246.0,25.0,16.0,41.0,244387.0,98.0,0.0,1.0,0.0,1.0,0.0,0.0,67.0,170.0,2.0
24.0,0.0,3.0,5.0,3.0,246.0,25.0,16.0,41.0,244387.0,98.0,1.0,1.0,0.0,1.0,0.0,0.0,67.0,170.0,0.0
24.0,28.0,7.0,3.0,1.0,246.0,25.0,16.0,41.0,230290.0,92.0,0.0,1.0,0.0,1.0,0.0,0.0,67.0,170.0,2.0
24.0,9.0,9.0,2.0,1.0,246.0,25.0,16.0,41.0,294217.0,94.00000090491883,0.0,1.0,0.0,1.0,0.0,0.0,67.0,170.0,16.0
24.0,28.0,3.0,3.0,3.0,246.0,25.0,16.0,41.0,244387.0,98.0,0.0,1.0,0.0,1.0,0.0,0.0,67.0,170.0,2.0
24.0,26.0,2.0,5.0,2.0,246.0,25.0,16.0,41.0,251818.0,96.0,0.0,1.0,0.0,1.0,0.0,0.0,67.0,170.0,8.0
24.0,13.0,11.0,2.0,4.0,246.0,25.0,16.0,41.0,284031.0,97.0,0.0,1.0,0.0,1.0,0.0,0.0,67.0,170.0,8.0
24.0,9.0,9.0,4.0,1.0,246.0,25.0,16.0,41.0,294217.0,94.00000417707678,0.0,1.0,0.0,1.0,0.0,0.0,67.0,170.0,14.443597120085876
24.0,28.0,6.0,3.0,3.0,246.0,25.0,16.0,41.0,253957.0,95.0,0.0,1.0,0.0,1.0,0.0,0.0,67.0,170.0,3.0
24.0,28.0,7.0,3.0,1.0,246.0,25.0,16.0,41.0,230290.0,92.0,0.0,1.0,0.0,1.0,0.0,0.0,67.0,170.0,2.0
24.0,13.0,11.0,6.0,4.0,246.0,25.0,16.0,41.0,284031.0,97.0,0.0,1.0,0.0,1.0,0.0,0.0,67.0,170.0,8.0
24.0,10.0,2.0,6.0,2.0,246.0,25.0,16.0,41.0,251818.0,96.0,0.0,1.0,0.0,1.0,0.0,0.0,67.0,170.0,7.135831390500721
24.0,4.0,12.0,5.0,4.0,246.0,25.0,16.0,41.0,236629.0,93.0,0.0,1.0,0.0,1.0,0.0,0.0,67.0,170.0,8.0
24.0,19.0,3.0,4.0,2.0,246.0,25.0,16.0,41.0,244387.0,98.0,0.0,1.0,0.0,1.0,0.0,0.0,67.0,170.0,16.0
24.0,28.0,6.0,6.0,1.0,246.0,25.0,16.0,41.0,253957.0,95.0,0.0,1.0,0.0,1.0,0.0,0.0,67.0,170.0,2.0
24.0,28.0,8.0,3.0,1.0,246.0,25.0,16.0,41.0,249797.0,93.0,0.0,1.0,0.0,1.0,0.0,0.0,67.0,170.0,1.0
24.0,23.0,2.0,3.0,2.0,246.0,25.0,16.0,41.0,251818.0,96.0,0.0,1.0,0.0,1.0,0.0,0.0,67.0,170.0,2.0
24.0,28.0,8.0,3.0,1.0,246.0,25.0,16.0,41.0,249797.0,93.0,0.0,1.0,0.0,1.0,0.0,0.0,67.0,170.0,4.0
25.0,6.0,10.0,2.0,4.0,235.0,16.0,8.0,32.0,284853.0,91.0,0.0,3.0,0.0,0.0,0.0,0.0,75.0,169.00000731865202,8.0
25.0,25.0,3.0,2.0,2.0,235.0,16.0,8.0,32.0,222196.0,99.0,0.0,3.0,0.0,0.0,0.0,0.0,75.0,168.99999367688903,3.0
25.0,28.0,5.0,4.0,3.0,235.0,16.0,8.0,32.0,237656.0,99.0,0.0,3.0,0.0,0.0,0.0,0.0,75.0,169.25214478082827,2.0
25.0,23.0,5.0,5.0,3.0,235.0,16.0,8.0,32.0,237656.0,99.0,0.0,3.0,0.0,0.0,0.0,0.0,75.0,169.00000405000458,2.0
25.0,25.0,2.0,2.0,2.0,235.0,16.0,8.0,32.0,264249.0,97.0,0.0,3.0,0.0,0.0,0.0,0.0,75.0,169.0,3.0
25.0,16.0,4.0,3.0,3.0,235.0,16.0,8.0,32.0,246288.0,91.0,0.0,3.0,0.0,0.0,0.0,0.0,75.0,169.0,3.0
25.0,1.0,11.0,6.0,4.0,235.0,16.0,8.0,32.0,268519.0,93.0,0.0,3.0,0.0,0.0,0.0,0.0,75.0,169.61468267851222,8.0
25.0,10.0,5.0,2.0,3.0,235.0,16.0,8.0,32.0,237656.0,99.0,0.0,3.0,0.0,0.0,0.0,0.0,75.0,168.99998904133702,8.0
25.0,25.0,2.0,6.0,2.0,235.0,16.0,8.0,32.0,264249.0,97.0,0.0,3.0,0.0,0.0,0.0,0.0,75.0,169.0,2.0
25.0,11.0,10.0,5.0,4.0,235.0,16.0,8.0,32.0,284853.0,91.0,0.0,3.0,0.0,0.0,0.0,0.0,75.0,169.0000058334446,3.0
26.0,19.0,5.0,6.0,3.0,300.0,26.0,13.0,43.0,237656.0,99.0,0.0,1.0,2.0,1.0,1.0,1.0,77.0,175.0,4.8975761674604605
26.0,28.0,4.0,6.0,3.0,300.0,26.0,13.0,43.0,239409.0,98.0,0.0,1.0,2.0,1.0,1.0,1.0,77.0,175.0,8.0
26.0,13.0,8.0,5.0,1.0,300.0,26.0,13.0,43.0,265615.0,94.0,0.0,1.0,2.0,1.0,1.0,1.0,77.0,175.0,1.0
26.0,14.0,8.0,5.0,1.0,300.0,26.0,13.0,43.0,265615.0,94.0,0.0,1.0,2.0,1.0,1.0,1.0,77.0,175.0,2.0
26.0,15.0,7.0,2.0,1.0,300.0,26.0,13.0,43.0,230290.0,92.0,0.0,1.0,2.0,1.0,1.0,1.0,77.0,175.0,8.0
27.0,7.0,5.0,4.0,3.0,184.0,42.0,7.0,27.0,285904.4324437187,92.0,0.0,1.0,0.0,0.0,0.0,0.0,58.0,167.0,4.0
27.0,23.0,1.0,5.0,2.0,184.0,42.0,7.0,27.0,308593.0,95.0,0.0,1.0,0.0,0.0,0.0,0.0,58.00000107977227,167.0,2.0
27.0,23.0,1.0,5.0,2.0,184.0,42.0,7.0,27.0,308592.97565651644,95.0,0.0,1.0,0.0,0.0,0.0,0.0,58.0,167.00000394595494,2.0
27.0,23.0,2.0,6.0,2.0,184.0,42.0,7.0,27.0,302585.0,99.0,0.0,1.0,0.0,0.0,0.0,0.0,58.0,167.0,1.0
27.0,23.0,2.0,3.0,2.0,184.0,42.0,7.0,27.0,302585.0,99.0,0.0,1.0,0.0,0.0,0.0,0.0,58.0,167.0,8.0
27.0,23.0,9.0,3.0,1.0,184.0,42.0,7.0,27.0,241476.0,92.0,0.0,1.0,0.0,0.0,0.0,0.0,58.0,167.0,2.0
28.0,28.0,2.0,2.0,2.0,225.0,26.0,9.0,28.0,302585.0,99.0,0.0,1.0,1.0,0.0,0.0,2.0,69.0,169.0,2.0
28.0,7.0,2.0,2.0,2.0,225.0,26.0,9.0,28.0,264249.0,97.0,0.0,1.0,1.0,0.0,0.0,2.0,69.0,169.0,2.0
28.0,11.0,5.0,2.0,3.0,225.0,26.0,9.0,28.0,237656.0,99.0,0.0,1.0,1.0,0.0,0.0,2.0,69.0,169.0,1.0
28.0,23.0,2.0,3.0,2.0,225.0,26.0,9.0,28.0,264249.0,97.0,0.0,1.0,1.0,0.0,0.0,2.0,69.0,169.0,3.0
28.0,23.0,2.0,4.0,2.0,225.0,26.0,9.0,28.0,302585.0,99.0,0.0,1.0,1.0,0.0,0.0,2.0,69.0,169.0,1.0
28.0,23.0,1.0,3.0,2.0,225.0,26.0,9.0,28.0,308593.0,95.0,0.0,1.0,1.0,0.0,0.0,2.0,69.0,169.0,1.0
28.0,25.0,2.0,5.0,2.0,225.0,26.0,9.0,28.0,302585.0,99.0,0.0,1.0,1.0,0.0,0.0,2.0,69.0,169.0,3.0
28.0,23.0,10.0,6.0,4.0,225.0,26.0,9.0,28.0,253465.0,93.0,0.0,1.0,1.0,0.0,0.0,2.0,69.0,169.0,3.0
28.0,23.0,10.0,4.0,4.0,225.0,26.0,9.0,28.0,253465.0,93.0,0.0,1.0,1.0,0.0,0.0,2.0,69.0,169.0,2.0
28.0,23.0,6.0,5.0,3.0,225.0,26.0,9.0,28.0,253957.0,95.0,0.0,1.0,1.0,0.0,0.0,2.0,69.0,169.0,4.0
28.0,7.0,2.0,3.0,2.0,225.0,26.0,9.0,28.0,264249.0,97.0,0.0,1.0,1.0,0.0,0.0,2.0,69.0,169.0,8.0
28.0,25.0,2.0,5.0,2.0,225.0,26.0,9.0,28.0,264249.0,97.0,0.0,1.0,1.0,0.0,0.0,2.0,69.0,169.0,3.0
28.0,28.0,2.0,5.0,2.0,225.0,26.0,9.0,28.0,264249.0,97.0,0.0,1.0,1.0,0.0,0.0,2.0,69.0,169.0,3.0
28.0,23.0,2.0,3.0,2.0,225.0,26.0,9.0,28.0,302585.0,99.0,0.0,1.0,1.0,0.0,0.0,2.0,69.0,169.0,2.0
28.0,25.0,3.0,5.0,2.0,225.0,26.0,9.0,28.0,222196.0,99.0,0.0,1.0,1.0,0.0,0.0,2.0,69.0,169.0,2.0
28.0,6.0,5.0,4.0,3.0,225.0,26.0,9.0,28.0,237656.0,99.0,0.0,1.0,1.0,0.0,0.0,2.0,69.0,169.0,3.0
28.0,19.0,4.0,2.0,3.0,225.0,26.0,9.0,28.0,246288.0,91.0,0.0,1.0,1.0,0.0,0.0,2.0,69.0,169.0,8.0
28.0,13.0,11.0,6.0,4.0,225.0,26.0,9.0,28.0,306345.0,93.0,0.0,1.0,1.0,0.0,0.0,2.0,69.0,169.0,3.0
28.0,23.0,11.0,4.0,4.0,225.0,26.0,9.0,28.0,306345.0,93.0,0.0,1.0,1.0,0.0,0.0,2.0,69.0,169.0,3.0
28.0,19.0,4.0,5.0,3.0,225.0,26.0,9.0,28.0,246288.0,91.0,0.0,1.0,1.0,0.0,0.0,2.0,69.0,169.0,8.0
28.0,23.0,11.0,4.0,4.0,225.0,26.0,9.0,28.0,306345.0,93.0,0.0,1.0,1.0,0.0,0.0,2.0,69.0,169.0,1.0
28.0,28.0,11.0,3.0,4.0,225.0,26.0,9.0,28.0,306345.0,93.0,0.0,1.0,1.0,0.0,0.0,2.0,69.0,169.0,3.0
28.0,13.0,4.0,2.0,3.0,225.0,26.0,9.0,28.0,246288.0,91.0,0.0,1.0,1.0,0.0,0.0,2.0,69.0,169.0,8.0
28.0,23.0,12.0,5.0,4.0,225.0,26.0,9.0,28.0,261306.0,97.0,0.0,1.0,1.0,0.0,0.0,2.0,69.0,169.0,2.0
28.0,23.0,11.0,4.0,4.0,225.0,25.9999988564889,9.0,28.0,306345.0,93.0,0.0,1.0,1.0,0.0,0.0,2.0,69.0,169.0,1.0
28.0,12.0,12.0,2.0,4.0,225.0,26.0,9.0,28.0,236629.0,93.0,0.0,1.0,1.0,0.0,0.0,2.0,69.0,169.0,3.0
28.0,28.0,12.0,5.0,4.0,225.0,26.0,9.086840012964634,28.0,261306.0,97.0,0.0,1.0,1.0,0.0,0.0,2.0,69.0,169.0,3.0
28.0,23.0,12.0,3.0,4.0,225.0,26.0,9.0,28.0,261306.0,97.0,0.0,1.0,1.0,0.0,0.0,2.0,69.0,169.0,2.0
28.0,25.0,5.0,4.0,3.0,225.0,26.0,9.0,28.0,246074.0,99.0,0.0,1.0,1.0,0.0,0.0,2.0,69.0,169.0,3.0
28.0,23.0,12.0,6.0,2.0,225.0,26.0,9.0,28.07330362976578,261306.0,96.95427629009983,0.0,1.0,1.0,0.0,0.0,2.0,69.0,169.0,2.0
28.0,23.0,1.0,4.0,2.0,225.0,26.0,9.0,28.0,314169.63719825045,95.0,0.0,1.0,1.0,0.0,0.0,2.0,69.0,169.0000104920737,1.0
28.0,7.0,3.0,2.0,2.0,225.0,26.0,9.0,28.0,222196.0,99.0,0.0,1.0,1.0,0.0,0.0,2.0,69.0,169.0,8.0
28.0,27.0,1.0,4.0,2.0,225.0,26.0,9.0,28.0,308593.0,95.0,0.0,1.0,1.0,0.0,0.0,2.0,69.0,169.0,2.0
28.0,28.0,1.0,5.0,2.0,225.0,26.0,9.0,28.0,308593.0,95.0,0.0,1.0,1.0,0.0,0.0,2.0,69.0,169.0,2.0
28.0,27.0,1.0,6.0,2.0,225.0,26.0,9.0,28.0,308593.0,95.0,0.0,1.0,1.0,0.0,0.0,2.0,69.0,169.0,1.0
28.0,27.0,1.0,3.0,2.0,225.0,26.0,9.0,28.0,308593.0,95.0,0.0,1.0,1.0,0.0,0.0,2.0,69.0,169.0,2.0
28.0,18.0,9.0,4.0,4.0,225.0,26.0,9.0,28.0,241476.0,92.0,0.0,1.0,1.0,0.0,0.0,2.0,69.0,169.0,3.0
28.0,23.0,1.0,4.0,2.0,225.0,26.0,9.0,28.0,330061.0,100.0,0.0,1.0,1.0,0.0,0.0,2.0,69.0,169.0,5.0
28.0,27.0,3.0,5.0,2.0,225.0,26.0,9.0,28.0,222196.0,99.0,0.0,1.0,1.0,0.0,0.0,2.0,69.0,169.0,2.0
28.0,28.0,10.0,3.0,4.0,225.0,26.0,9.0,28.0,253465.0,93.0,0.0,1.0,1.0,0.0,0.0,2.0,69.0,169.0,2.0
28.0,23.0,10.0,4.0,4.0,225.0,26.0,9.0,28.0,253465.0,93.0,0.0,1.0,1.0,0.0,0.0,2.0,69.0,169.0,3.0
28.0,25.0,2.0,3.0,2.0,225.0,26.0,9.0,28.0,264249.0,97.0,0.0,1.0,1.0,0.0,0.0,2.0,69.0,169.0,2.0
28.0,25.0,7.0,5.0,1.0,225.0,26.0,9.0,28.0,230290.0,92.0,0.0,1.0,1.0,0.0,0.0,2.0,69.0,169.0,4.0
28.0,23.0,6.0,4.0,1.0,225.0,26.0,9.0,28.0,253957.0,95.0,0.0,1.0,1.0,0.0,0.0,2.0,69.0,169.0,2.0
28.0,9.0,7.0,3.0,1.0,225.0,26.0,9.0,28.0,230290.0,92.0,0.0,1.0,1.0,0.0,0.0,2.0,69.0,169.0,5.97567535197952
28.0,23.0,10.0,3.0,4.0,225.0,26.0,9.0,28.0,284853.0,91.0,0.0,1.0,1.0,0.0,0.0,2.0,69.0,169.0772528460315,4.0
28.0,23.0,9.0,3.0,4.0,225.0,26.0,9.0,28.0,241476.0,92.0,0.0,1.0,1.0,0.0,0.0,2.0,69.0,169.0,2.0
28.0,23.0,11.0,3.0,4.0,225.0,26.0,9.0,28.0,268519.0,93.0,0.0,1.0,1.0,0.0,0.0,2.0,69.0,169.0,2.0
28.0,23.0,4.0,4.0,3.0,225.0,26.0,9.0,28.0,326452.0,96.0,0.0,1.0,1.0,0.0,0.0,2.0,69.0,169.0,1.0
28.0,23.0,10.0,3.0,4.0,225.0,26.0,9.0,28.0,284853.0,91.0,0.0,1.0,1.0,0.0,0.0,2.0,69.0,169.0,2.0
28.0,28.0,3.0,2.0,3.0,225.0,26.0,9.0,28.0,343253.0,95.0,0.0,1.0,1.0,0.0,0.0,2.0,69.0,169.0,1.0
28.0,23.0,12.0,4.0,4.0,225.0,26.0,9.0,28.0,280549.0,98.0,0.0,1.0,1.0,0.0,0.0,2.0,69.0,169.0,3.0
28.0,13.0,10.0,3.0,4.0,225.0,26.0,9.0,28.0,284853.0,91.0,0.0,1.0,1.0,0.0,0.0,2.0,69.0,169.0,3.0
28.0,13.0,10.0,5.0,4.0,225.0,26.0,9.0,28.0,284853.0,91.0,0.0,1.0,1.0,0.0,0.0,2.0,69.0,169.0,1.0
28.0,23.0,12.0,6.0,4.0,225.0,26.0,9.0,28.0,280549.0,98.0,0.0,1.0,1.0,0.0,0.0,2.0,69.0,169.0,3.0
28.0,23.0,12.0,4.0,4.0,225.0,26.0,9.0,28.0,280549.0,98.0,0.0,1.0,1.0,0.0,0.0,2.0,69.0,169.0,3.0
28.0,10.0,10.0,6.0,4.0,225.0,26.0,9.0,28.0,284853.0,91.0,0.0,1.0,1.0,0.0,0.0,2.0,69.0,169.0,3.0
28.0,28.0,4.0,6.0,3.0,225.0,26.0,9.0,28.0,326452.0,96.0,0.0,1.0,1.0,0.0,0.0,2.0,69.0,169.0,2.0
28.0,11.0,3.0,4.0,3.0,225.0,26.0,9.0,28.0,343253.0,95.0,0.0,1.0,1.0,0.0,0.0,2.0,69.0,169.0,16.0
28.0,11.0,3.0,3.0,3.0,225.0,26.0,9.0,28.0,343253.0,95.0,0.0,1.0,1.0,0.0,0.0,2.0,69.0,169.0,8.0
28.0,28.0,3.0,6.0,3.0,225.0,26.0,9.0,28.0,343253.0,95.0,0.0,1.0,1.0,0.0,0.0,2.0,69.0,169.0,2.0
28.0,23.0,12.0,3.0,4.0,225.0,26.0,9.0,28.0,280549.0,98.0,0.0,1.0,1.0,0.0,0.0,2.0,69.0,169.0,2.0
28.0,0.0,10.0,2.0,4.0,225.0,26.0,9.0,28.0,284853.0,91.0,1.0,1.0,1.0,0.0,0.0,2.0,69.0,169.0,0.0
28.0,22.0,7.0,4.0,1.0,225.0,26.0,9.0,28.0,264604.0,93.0,0.0,1.0,1.0,0.0,0.0,2.0,69.0,169.0,8.0
28.0,23.0,9.0,4.0,1.0,225.0,26.0,9.0,28.0,261756.0,87.0,0.0,1.0,1.0,0.0,0.0,2.0,69.0,169.0,1.0
28.0,23.0,3.0,6.0,2.0,225.0,26.0,9.0,28.0,343253.0,95.0,0.0,1.0,1.0,0.0,0.0,2.0,69.0,169.0,1.0
28.0,7.0,2.0,4.0,2.0,225.0,26.0,9.0,28.0,251818.0,96.0,0.0,1.0,1.0,0.0,0.0,2.0,69.0,169.0,1.0
28.0,28.0,6.0,5.0,1.0,225.0,26.0,9.0,28.0,305250.05961428076,94.0,0.0,1.0,1.0,0.0,0.0,2.0,69.0,169.0,2.0
28.0,19.0,5.0,3.0,3.0,225.0,26.0,9.0,28.0,248032.38104645195,92.0,0.0,1.0,1.0,0.0,0.0,2.0,69.0,169.0,8.0
28.0,14.0,11.0,5.0,4.0,225.0,26.0,9.0,28.0,268519.0,93.0,0.0,1.0,1.0,0.0,0.0,2.0,69.0,169.0,3.0
28.0,23.0,11.0,6.0,4.0,225.0,26.0,9.0,28.0,268519.0,93.0,0.0,1.0,1.0,0.0,0.0,2.0,69.0,169.0,4.0
28.0,11.0,3.0,2.0,3.0,225.0,26.0,9.0,28.0,343253.0,95.0,0.0,1.0,1.0,0.0,0.0,2.0,69.0,169.0,8.0
28.0,23.0,12.0,2.0,4.0,225.0,26.0,9.0,28.0,280549.0,98.0,0.0,1.0,1.0,0.0,0.0,2.0,69.0,169.0,2.0
28.0,23.0,12.0,5.0,4.0,225.0,26.0,9.0,28.0,280549.0,98.0,0.0,1.0,1.0,0.0,0.0,2.0,69.0,169.0,3.0
28.0,23.0,3.0,4.0,2.0,225.0,26.0,9.0,28.0,343253.0,95.0,0.0,1.0,1.0,0.0,0.0,2.0,69.0,169.0,2.0
29.0,19.0,5.0,4.0,3.0,225.0,15.0,15.0,41.0,237656.0,99.0,0.0,4.0,2.0,1.0,0.0,2.0,94.0,169.37406152535647,3.0
29.0,22.0,5.0,6.0,3.0,225.0,15.0,15.0,41.0,237656.0,99.0,0.0,4.0,2.0,1.0,0.0,2.0,94.0,169.357431582983,8.0
29.0,14.0,5.0,5.0,3.0,225.0,15.0,15.0,41.0,237656.0,99.0,0.0,4.0,2.0,1.0,0.0,2.0,94.0,170.01692151513436,8.0
29.0,28.0,2.0,6.0,2.0,225.0,15.0,15.0,41.0,264249.0,97.0,0.0,4.0,2.0,1.0,0.0,2.0,94.0,167.48357895441063,2.0
29.0,0.0,9.0,2.0,4.0,225.0,26.0,9.0,28.0,241476.0,92.0,1.0,1.0,1.0,0.0,0.0,2.0,69.0,169.0,0.0
30.0,28.0,8.0,4.0,1.0,157.0,27.0,6.0,29.0,205917.0,92.0,0.0,1.0,0.0,1.0,1.0,0.0,75.0,168.86144342755063,4.0
30.0,25.0,7.0,2.0,1.0,157.0,27.0,6.0,29.0,275312.0,98.0,0.0,1.0,0.0,1.0,1.0,0.0,75.0,170.10897025701505,3.0
30.0,11.0,2.0,4.0,2.0,157.0,27.0,6.0,29.0,251818.0,96.0,0.0,1.0,0.0,1.0,1.0,0.0,75.0,167.79635897965036,16.0
30.0,19.0,3.0,3.0,2.0,157.0,27.0,6.0,29.0,343253.0,95.0,0.0,1.0,0.0,1.0,1.0,0.0,75.0,170.6903310564103,3.0
30.0,19.0,8.0,6.0,1.0,157.0,27.0,6.0,29.0,265615.0,94.0,0.0,1.0,0.0,1.0,1.0,0.0,75.0,169.55013856929946,3.0
30.0,28.0,12.0,2.0,2.0,157.0,27.0,6.0,29.0,236629.0,93.0,0.0,1.0,0.0,1.0,1.0,0.0,75.0,170.188121681035,2.0
31.0,0.0,5.0,4.0,3.0,162.57700591570827,15.0,9.0,50.0,295387.0463628611,92.0,1.0,1.0,0.0,0.0,0.0,0.0,76.0,169.5997041494531,0.0
31.0,11.0,2.0,2.0,2.0,246.00001442173925,15.0,9.0,50.0,302585.0,99.0,0.0,1.0,0.0,0.0,0.0,0.0,76.0,170.00000996624257,8.0
31.0,1.0,2.0,3.0,2.0,245.99999263505558,15.0,9.0,50.0,302585.0,99.0,0.0,1.0,0.0,0.0,0.0,0.0,76.0,169.99999491040424,8.0
32.0,14.0,10.0,4.0,4.0,289.0,48.0,12.756728442006597,49.0,284853.0,91.0,0.0,1.0,0.0,0.0,0.0,2.0,108.0,171.9634864269066,3.0
32.0,4.0,10.0,5.0,4.0,289.0,48.0,12.766200590096812,49.0,284853.0,91.0,0.0,1.0,0.0,0.0,0.0,2.0,108.0,172.0,1.0
32.0,28.0,6.0,2.0,1.0,289.0,48.0,12.999999737755227,49.0,288201.20329067635,94.0,0.0,1.0,0.0,0.0,0.0,2.0,108.0,172.0,2.0
32.0,23.0,10.0,5.0,4.0,289.0,48.0,12.73366536923129,49.0,284853.0,91.0,0.0,1.0,0.0,0.0,0.0,2.0,108.0,172.0,2.0
32.0,10.0,1.0,5.0,2.0,289.0,48.0,12.999999736993711,49.0,313532.0,96.0,0.0,1.0,0.0,0.0,0.0,2.0,108.0,172.0,8.0
33.0,28.0,4.0,6.0,3.0,248.0,25.0,14.0,47.0,326452.0,96.0,0.0,1.0,2.0,0.0,0.0,1.0,86.0,165.0,8.0
33.0,23.0,11.0,2.0,4.0,248.0,25.0,14.0,47.0,284031.0,97.0,0.0,1.0,2.0,0.0,0.0,1.0,86.0,165.0,2.0
33.0,14.0,3.0,6.0,3.0,248.0,25.0,14.0,47.0,343253.0,95.0,0.0,1.0,2.0,0.0,0.0,1.0,86.0,165.0,3.0
33.0,23.0,12.0,3.0,4.0,248.0,25.0,14.0,47.0,261306.0,97.0,0.0,1.0,2.0,0.0,0.0,1.0,86.0,165.0,1.0
33.0,23.0,5.0,4.0,3.0,248.0,25.0,14.0,47.0,246074.0,99.0,0.0,1.0,2.0,0.0,0.0,1.0,86.0,165.0,2.0
33.0,23.0,9.0,6.0,4.0,248.0,25.0,14.0,47.0,241476.0,92.0,0.0,1.0,2.0,0.0,0.0,1.0,86.0,165.0,1.0
33.0,23.0,8.0,4.0,1.0,248.0,25.0,14.0,47.0,205917.0,92.0,0.0,1.0,2.0,0.0,0.0,1.0,86.0,165.0,2.0
33.0,14.0,11.0,5.0,4.0,248.0,25.0,14.0,47.0,268519.0,93.0,0.0,1.0,2.0,0.0,0.0,1.0,86.0,165.0,4.0
33.0,28.0,11.0,2.0,4.0,248.0,25.0,14.0,47.0,306345.0,93.0,0.0,1.0,2.0,0.0,0.0,1.0,86.0,165.0,1.0
33.0,23.0,8.0,4.0,1.0,248.0,25.0,14.0,47.0,265615.0,94.0,0.0,1.0,2.0,0.0,0.0,1.0,86.0,165.0,1.0
33.0,23.0,2.0,3.0,2.0,248.0,25.0,14.0,47.0,264249.0,97.0,0.0,1.0,2.0,0.0,0.0,1.0,86.0,165.0,2.0
33.0,23.0,3.0,5.0,2.0,248.0,25.0,14.0,47.0,222196.0,99.0,0.0,1.0,2.0,0.0,0.0,1.0,86.0,165.0,3.0
33.0,23.0,10.0,4.0,4.0,248.0,25.0,14.0,47.0,253465.0,93.0,0.0,1.0,2.0,0.0,0.0,1.0,86.0,165.0,2.0
33.0,25.0,8.0,2.0,1.0,248.0,25.0,14.0,47.0,265615.0,94.0,0.0,1.0,2.0,0.0,0.0,1.0,86.0,165.0,2.0
33.0,0.0,10.0,6.0,4.0,248.0,25.0,14.0,47.0,265017.0,88.0,1.0,1.0,2.0,0.0,0.0,1.0,86.0,165.0,0.0
33.0,14.0,3.0,6.0,2.0,248.0,25.0,14.0,47.0,343253.0,95.0,0.0,1.0,2.0,0.0,0.0,1.0,86.0,165.0,3.0
33.0,23.0,3.0,2.0,2.0,248.0,25.0,14.0,47.0,222196.0,99.0,0.0,1.0,2.0,0.0,0.0,1.0,86.0,165.0,2.0
33.0,23.0,9.0,6.0,1.0,248.0,25.0,14.0,47.0,261756.0,87.0,0.0,1.0,2.0,0.0,0.0,1.0,86.0,165.0,1.0
33.0,13.0,3.0,2.0,2.0,248.0,25.0,14.0,47.0,222196.0,99.0,0.0,1.0,2.0,0.0,0.0,1.0,86.0,165.0,2.0
33.0,25.0,3.0,3.0,2.0,248.0,25.0,14.0,47.0,222196.0,99.0,0.0,1.0,2.0,0.0,0.0,1.0,86.0,165.0,3.0
33.0,26.0,4.0,2.0,3.0,248.0,25.0,14.0,47.0,239409.0,98.0,0.0,1.0,2.0,0.0,0.0,1.0,86.0,165.0,4.0
33.0,10.0,10.0,2.0,4.0,248.0,25.0,14.0,47.0,284853.0,91.0,0.0,1.0,2.0,0.0,0.0,1.0,86.0,165.0,8.0
33.0,19.0,4.0,4.0,3.0,248.0,25.0,14.0,47.0,246288.0,91.0,0.0,1.0,2.0,0.0,0.0,1.0,86.0,165.0,8.0
33.0,1.0,2.0,4.0,2.0,248.0,25.0,14.0,47.0,264249.0,97.0,0.0,1.0,2.0,0.0,0.0,1.0,86.0,165.0,8.0
34.0,18.0,3.0,3.0,2.0,118.0,10.0,10.0,37.0,244387.0,98.0,0.0,1.0,0.0,0.0,0.0,0.0,83.0,172.0,8.0
34.0,26.0,6.0,6.0,3.0,118.0,10.0,10.0,37.0,275089.0,96.0,0.0,1.0,0.0,0.0,0.0,0.0,83.0,172.0,8.0
34.0,25.0,12.0,3.0,4.0,118.0,10.0,10.0,37.0,236629.0,93.0,0.0,1.0,0.0,0.0,0.0,0.0,83.0,172.0,8.0
34.0,28.0,2.0,3.0,2.0,118.0,10.0,10.0,37.0,251818.0,96.0,0.0,1.0,0.0,0.0,0.0,0.0,83.0,172.0,2.0
34.0,8.0,5.0,4.0,3.0,118.0,10.0,10.0,37.0,237656.0,99.0,0.0,1.0,0.0,0.0,0.0,0.0,83.0,172.0,3.0
34.0,23.0,7.0,4.0,1.0,118.0,10.0,10.0,37.0,264604.0,93.0,0.0,1.0,0.0,0.0,0.0,0.0,83.0,172.0,2.0
34.0,10.0,6.0,4.0,1.0,118.0,10.0,10.0,37.0,275089.0,96.0,0.0,1.0,0.0,0.0,0.0,0.0,83.0,172.0,3.0
34.0,23.0,10.0,3.0,4.0,118.0,10.0,10.0,37.0,253465.0,93.0,0.0,1.0,0.0,0.0,0.0,0.0,83.0,172.0,3.0
34.0,23.0,9.0,3.0,4.0,118.0,10.0,10.0,37.0,241476.0,92.0,0.0,1.0,0.0,0.0,0.0,0.0,83.0,172.0,2.0
34.0,28.0,7.0,2.0,1.0,118.0,10.0,10.0,37.0,264604.0,93.0,0.0,1.0,0.0,0.0,0.0,0.0,83.0,172.0,4.0
34.0,23.0,9.0,2.0,1.0,118.0,10.0,10.0,37.0,241476.0,92.0,0.0,1.0,0.0,0.0,0.0,0.0,83.0,172.0,4.0
34.0,25.0,6.0,2.0,1.0,118.0,10.0,10.0,37.0,275089.0,96.0,0.0,1.0,0.0,0.0,0.0,0.0,83.0,172.0,3.0
34.0,23.0,9.0,2.0,1.0,118.0,10.014198937590455,10.0,37.0,241476.0,92.0,0.0,1.0,0.0,0.0,0.0,0.0,83.0,172.0,3.0
34.0,19.0,1.0,2.0,2.0,118.0,10.0,10.0,37.0,330061.0,100.0,0.0,1.0,0.0,0.0,0.0,0.0,83.0,172.0,4.273900620852606
34.0,28.0,5.0,3.0,3.0,118.0,10.0,10.0,37.0,237656.0,99.0,0.0,1.0,0.0,0.0,0.0,0.0,83.0,172.0,1.0
34.0,10.0,6.0,4.0,3.0,118.0,10.0,10.0,37.0,275089.0,96.0,0.0,1.0,0.0,0.0,0.0,0.0,83.0,172.0,8.0
34.0,8.0,6.0,6.0,1.0,118.0,10.0,10.0,37.0,275089.0,96.0,0.0,1.0,0.0,0.0,0.0,0.0,83.0,172.0,2.0
34.0,27.0,1.0,2.0,2.0,118.0,10.0,10.0,37.0,308593.0,95.0,0.0,1.0,0.0,0.0,0.0,0.0,83.0,172.0,2.0
34.0,11.0,4.0,4.0,3.0,118.0,10.0,10.0,37.0,239409.0,98.0,0.0,1.0,0.0,0.0,0.0,0.0,83.0,172.0,2.0
34.0,27.0,1.0,4.0,2.0,118.0,10.0,10.0,37.0,308593.0,95.0,0.0,1.0,0.0,0.0,0.0,0.0,83.0,172.0,2.0
34.0,27.0,1.0,5.0,2.0,118.0,10.0,10.0,37.0,308593.0,95.0,0.0,1.0,0.0,0.0,0.0,0.0,83.0,172.0,2.0
34.0,27.0,1.0,6.0,2.0,118.0,10.0,10.0,37.0,308593.0,95.0,0.0,1.0,0.0,0.0,0.0,0.0,83.0,172.0,2.0
34.0,28.0,8.0,3.0,1.0,118.0,10.0,10.0,37.0,249797.0,93.0,0.0,1.0,0.0,0.0,0.0,0.0,83.0,172.0,5.0
34.0,27.0,1.0,3.0,2.0,118.0,10.0,10.0,37.0,308593.0,95.0,0.0,1.0,0.0,0.0,0.0,0.0,83.0,172.0,2.0
34.0,23.0,6.0,2.0,3.0,118.0,10.0,10.0,37.0,253957.0,95.0,0.0,1.0,0.0,0.0,0.0,0.0,83.0,172.0,3.0
34.0,27.0,1.0,3.0,2.0,118.0,10.0,10.0,37.0,308593.0,95.0,0.0,1.0,0.0,0.0,0.0,0.0,83.0,172.0,2.0
34.0,27.0,1.0,4.0,2.0,118.0,10.0,10.0,37.0,308593.0,95.0,0.0,1.0,0.0,0.0,0.0,0.0,83.0,172.0,2.0
34.0,27.0,1.0,2.0,2.0,118.0,10.0,10.0,37.0,308593.0,95.0,0.0,1.0,0.0,0.0,0.0,0.0,83.0,172.0,0.0
34.0,8.0,11.0,3.0,4.0,118.0,10.0,10.0,37.0,268519.0,93.0,0.0,1.0,0.0,0.0,0.0,0.0,83.0,172.0,8.0
34.0,28.0,6.0,3.0,3.0,118.0,10.0,10.0,37.0,253957.0,95.0,0.0,1.0,0.0,0.0,0.0,0.0,83.0,172.0,2.0
34.0,11.0,11.0,2.0,4.0,118.0,10.0,10.0,37.0,284031.0,97.0,0.0,1.0,0.0,0.0,0.0,0.0,83.0,172.0,8.0
34.0,28.0,7.0,3.0,1.0,118.0,10.0,10.0,37.0,230290.0,92.0,0.0,1.0,0.0,0.0,0.0,0.0,83.0,172.0,8.0
34.0,26.0,7.0,6.0,1.0,118.0,10.0,10.0,37.0,230290.0,92.0,0.0,1.0,0.0,0.0,0.0,0.0,83.0,172.0,8.0
34.0,27.0,1.0,5.0,2.0,118.0,10.0,10.0,37.0,308593.0,95.0,0.0,1.0,0.0,0.0,0.0,0.0,83.0,172.0,2.0
34.0,28.0,5.0,2.0,3.0,118.0,10.0,10.0,37.0,246074.0,99.0,0.0,1.0,0.0,0.0,0.0,0.0,83.0,172.0,1.0
34.0,23.0,11.0,2.0,4.0,118.0,10.0,10.0,37.0,268519.0,93.0,0.0,1.0,0.0,0.0,0.0,0.0,83.0,172.0,8.0
34.0,27.0,1.0,2.0,2.0,118.0,10.0,10.0,37.0,308593.0,95.0,0.0,1.0,0.0,0.0,0.0,0.0,83.0,172.0,2.0
34.0,28.0,9.0,3.0,1.0,118.0,10.0,10.0,37.0,261756.0,87.0,0.0,1.0,0.0,0.0,0.0,0.0,83.0,172.0,3.0
34.0,26.0,7.0,6.0,1.0,118.0,10.0,10.0,37.0,275312.0,98.0,0.0,1.0,0.0,0.0,0.0,0.0,83.0,172.0,4.0
34.0,5.0,7.0,6.0,1.0,118.0,10.0,10.0,37.0,275312.0,98.0,0.0,1.0,0.0,0.0,0.0,0.0,83.0,172.0,8.0
34.0,19.0,12.0,3.0,4.0,118.0,10.0,10.0,37.0,261306.0,97.0,0.0,1.0,0.0,0.0,0.0,0.0,83.0,172.0,1.9043735958985306
34.0,10.0,4.0,2.0,3.0,118.0,10.0,10.0,37.0,246288.0,91.0,0.0,1.0,0.0,0.0,0.0,0.0,83.0,172.0,8.0
34.0,28.0,8.0,3.0,1.0,118.0,10.0,10.0,37.0,249797.0,93.0,0.0,1.0,0.0,0.0,0.0,0.0,83.0,172.0,4.0
34.0,23.0,10.0,3.0,4.0,118.0,10.0,10.0,37.0,284853.0,91.0,0.0,1.0,0.0,0.0,0.0,0.0,83.0,172.0,2.0
34.0,28.0,11.0,4.0,4.0,118.0,10.0,10.0,37.0,268519.0,93.0,0.0,1.0,0.0,0.0,0.0,0.0,83.0,172.0,3.0
34.0,19.0,12.0,3.0,4.0,118.0,10.0,10.0,37.0,271782.3275027591,97.0,0.0,1.0,0.0,0.0,0.0,0.0,83.0,172.0,3.2357490925372554
34.0,27.0,12.0,6.0,4.0,118.0,10.0,10.0,37.0,261306.0,97.0,0.0,1.0,0.0,0.0,0.0,0.0,83.0,172.0,2.0
34.0,19.0,1.0,2.0,2.0,118.0,10.0,10.0,37.0,274171.26314410416,95.0,0.0,1.0,0.0,0.0,0.0,0.0,83.0,172.0,1.0
34.0,27.0,1.0,3.0,2.0,118.0,10.0,10.0,37.0,308593.0,95.0,0.0,1.0,0.0,0.0,0.0,0.0,83.0,172.0,1.0
34.0,11.0,11.0,4.0,4.0,118.0,10.0,10.0,37.0,284031.0,97.0,0.0,1.0,0.0,0.0,0.0,0.0,83.0,172.0,3.0
34.0,9.0,11.0,3.0,4.0,118.0,10.0,10.0,37.0,268519.0,93.0,0.0,1.0,0.0,0.0,0.0,0.0,83.0,172.0,8.0
34.0,13.0,11.0,5.0,4.0,118.0,10.0,10.0,37.0,268519.0,93.0,0.0,1.0,0.0,0.0,0.0,0.0,83.0,172.0,2.0
34.0,10.0,4.0,4.0,3.0,118.0,10.0,10.0,37.0,246288.0,91.0,0.0,1.0,0.0,0.0,0.0,0.0,83.0,172.0,2.0
34.0,7.0,10.0,2.0,4.0,118.0,10.0,10.0,37.0,265017.0,88.0,0.0,1.0,0.0,0.0,0.0,0.0,83.0,172.0,3.0
35.0,0.0,0.0,6.0,3.0,179.0,45.0,14.0,53.0,271219.0,95.0,0.0,1.0,1.0,0.0,0.0,1.0,77.0,175.0,0.0
36.0,28.0,10.0,5.0,4.0,118.0,13.0,18.0,50.0,265017.0,88.0,0.0,1.0,1.0,1.0,0.0,0.0,98.0,171.6666106369018,1.0
36.0,0.0,7.0,3.0,1.0,118.0,13.0,18.0,50.0,239554.0,97.0,1.0,1.0,1.0,1.0,0.0,0.0,98.0,170.00000903904336,0.0
36.0,14.0,4.0,5.0,3.0,118.0,13.0,18.0,50.0,246288.0,91.0,0.0,1.0,1.0,1.0,0.0,0.0,98.0,171.9109737978583,2.0
36.0,13.0,4.0,4.0,3.0,118.0,13.0,18.0,50.0,239409.0,98.0,0.0,1.0,1.0,1.0,0.0,0.0,98.0,171.74684022940474,6.1159094092615875
36.0,23.0,4.0,3.0,3.0,118.0,13.0,18.0,50.0,246288.0,91.0,0.0,1.0,1.0,1.0,0.0,0.0,98.0,171.88838970564166,3.0
36.0,1.0,7.0,4.0,1.0,118.0,13.0,18.0,50.0,275312.0,98.0,0.0,1.0,1.0,1.0,0.0,0.0,98.0,171.9512054415182,8.0
36.0,23.0,12.0,4.0,4.0,118.0,13.0,18.0,50.0,261306.0,97.0,0.0,1.0,1.0,1.0,0.0,0.0,98.0,171.93025475492152,2.0
36.0,28.0,12.0,3.0,4.0,118.0,13.0,18.0,50.0,236629.0,93.0,0.0,1.0,1.0,1.0,0.0,0.0,98.0,171.71433590934487,1.0
36.0,13.0,6.0,4.0,3.0,118.0,13.0,18.0,50.0,254205.78787290846,94.0,0.0,1.0,1.0,1.0,0.0,0.0,98.0,172.00000592463752,7.999982900054602
36.0,23.0,6.0,3.0,3.0,118.0,13.0,18.0,50.0,276613.5654465059,94.0,0.0,1.0,1.0,1.0,0.0,0.0,98.0,171.9999944727882,1.0
36.0,13.0,6.0,4.0,3.0,118.0,13.0,18.0,50.0,247714.22306050555,94.0,0.0,1.0,1.0,1.0,0.0,0.0,98.0,171.99999428131412,8.0
36.0,13.0,8.0,5.0,1.0,118.0,13.0,18.0,50.0,265615.0,94.0,0.0,1.0,1.0,1.0,0.0,0.0,98.0,170.34190258050583,3.0
36.0,23.0,3.0,6.0,3.0,118.0,13.0,18.0,50.0,244387.0,98.0,0.0,1.0,1.0,1.0,0.0,0.0,98.0,171.6903811238641,2.0
36.0,23.0,8.0,5.0,1.0,118.0,13.0,18.0,50.0,265615.0,94.0,0.0,1.0,1.0,1.0,0.0,0.0,98.0,170.34888623323587,1.0
36.0,13.0,5.0,4.0,3.0,118.0,13.0,18.0,50.0,248957.42458780156,92.0,0.0,1.0,1.0,1.0,0.0,0.0,98.0,171.999994075991,4.483516211729103
36.0,23.0,4.0,2.0,3.0,118.0,13.0,18.0,50.0,239409.0,98.0,0.0,1.0,1.0,1.0,0.0,0.0,98.0,171.67633161368153,1.0
36.0,23.0,5.0,2.0,3.0,118.0,13.0,18.0,50.0,237656.0,99.0,0.0,1.0,1.0,1.0,0.0,0.0,98.0,171.8998368311718,2.0
36.0,23.0,4.0,5.0,3.0,118.0,13.0,18.0,50.0,326452.0,96.0,0.0,1.0,1.0,1.0,0.0,0.0,98.0,170.0,1.0
36.0,23.0,7.0,6.0,1.0,118.0,13.0,18.0,50.0,230290.0,92.0,0.0,1.0,1.0,1.0,0.0,0.0,98.0,171.95914272325865,1.0
36.0,14.0,3.0,3.0,3.0,118.0,13.0,18.0,50.0,244387.0,98.0,0.0,1.0,1.0,1.0,0.0,0.0,98.0,171.7079943407323,3.0
36.0,5.0,5.0,3.0,3.0,118.0,13.0,18.0,50.0,237656.0,99.0,0.0,1.0,1.0,1.0,0.0,0.0,98.0,171.8887299720981,3.0
36.0,13.0,3.0,4.0,3.0,118.0,13.0,18.0,50.0,244387.0,98.0,0.0,1.0,1.0,1.0,0.0,0.0,98.0,171.71549528028575,8.0
36.0,19.0,6.0,5.0,3.0,118.0,13.0,18.0,50.0,275089.0,96.0,0.0,1.0,1.0,1.0,0.0,0.0,98.0,172.00000589018262,3.0
36.0,0.0,5.0,3.0,3.0,118.0,13.0,18.0,50.0,237656.0,99.0,1.0,1.0,1.0,1.0,0.0,0.0,98.0,171.8736701043745,0.0
36.0,26.0,1.0,2.0,2.0,118.0,13.0,18.0,50.0,330061.0,100.0,0.0,1.0,1.0,1.0,0.0,0.0,98.0,171.7066206823182,4.0
36.0,0.0,3.0,5.0,3.0,118.0,13.0,18.0,50.0,244387.0,98.0,1.0,1.0,1.0,1.0,0.0,0.0,98.0,171.57674737452996,0.0
36.0,28.0,9.0,5.0,4.0,118.0,13.0,18.0,50.0,294217.0,93.76816709533377,0.0,1.0,1.0,1.0,0.0,0.0,98.0,169.99999083848553,1.0
36.0,19.0,6.0,5.0,3.0,118.0,13.0,18.0,50.0,275089.0,96.0,0.0,1.0,1.0,1.0,0.0,0.0,98.0,171.99999390828197,3.000000699694518
36.0,0.0,10.0,6.0,4.0,118.0,13.0,18.0,50.0,265017.0,88.0,1.0,1.0,1.0,1.0,0.0,0.0,98.0,171.85437645980792,0.0
36.0,23.0,10.0,5.0,4.0,118.0,13.0,18.0,50.0,265017.0,88.0,0.0,1.0,1.0,1.0,0.0,0.0,98.0,171.72067202021444,1.0
36.0,28.0,10.0,3.0,4.0,118.0,13.0,18.0,50.0,265017.0,88.0,0.0,1.0,1.0,1.0,0.0,0.0,98.0,171.66887334009917,1.0
36.0,23.0,6.0,4.0,1.0,118.0,13.0,18.0,50.0,253957.0,95.0,0.0,1.0,1.0,1.0,0.0,0.0,98.0,171.9627788307254,2.0
